-- phpMyAdmin SQL Dump
-- version 5.2.1
-- https://www.phpmyadmin.net/
--
-- Host: mysql
-- Generation Time: Apr 03, 2024 at 06:37 PM
-- Server version: 11.3.2-MariaDB-1:11.3.2+maria~ubu2204
-- PHP Version: 8.2.16

SET SQL_MODE = "NO_AUTO_VALUE_ON_ZERO";
START TRANSACTION;
SET time_zone = "+00:00";


/*!40101 SET @OLD_CHARACTER_SET_CLIENT=@@CHARACTER_SET_CLIENT */;
/*!40101 SET @OLD_CHARACTER_SET_RESULTS=@@CHARACTER_SET_RESULTS */;
/*!40101 SET @OLD_COLLATION_CONNECTION=@@COLLATION_CONNECTION */;
/*!40101 SET NAMES utf8mb4 */;

--
-- Database: `developmentdb`
--
CREATE DATABASE IF NOT EXISTS `developmentdb` DEFAULT CHARACTER SET utf8mb4 COLLATE utf8mb4_general_ci;
USE `developmentdb`;

-- --------------------------------------------------------

--
-- Table structure for table `banners`
--

DROP TABLE IF EXISTS `banners`;
CREATE TABLE `banners` (
  `id` int(11) NOT NULL,
  `page_id` int(11) NOT NULL,
  `title` varchar(100) NOT NULL,
  `intro` text DEFAULT NULL,
  `picture` longblob DEFAULT NULL
) ENGINE=InnoDB DEFAULT CHARSET=utf8mb4 COLLATE=utf8mb4_general_ci;

--
-- Dumping data for table `banners`
--

REPLACE INTO `banners` (`id`, `page_id`, `title`, `intro`, `picture`) VALUES
(1, 1, 'Jazz', 'Experience the soulful diversity at Haarlem Festival Jazz with an electrifying lineup of vibrant jazz styles. From the improvisational fusion of Gumbo Kings to Evolve\'s avant-garde beats, and Ntjam Rosie\'s captivating neo-soul, immerse yourself in a tapestry of musical brilliance. Groove to Wicked Jazz Sounds\' infectious rhythms, savor Tom Thomsom Assemble\'s dynamic compositions, and be enchanted by Jonna Frazer\'s spellbinding vocals. Let Fox & The Mayors\' melodic tales captivate, Uncle Sue\'s nostalgia linger, and Chris Allen\'s smooth jazz mastery mesmerize. Feel Myles Sanko\'s soulful tunes, embrace Ruis Soundsystem\'s experimental beats, and bask in The Family XL\'s expansive melodies. Join us in Haarlem for an unforgettable celebration of jazz\'s rich tapestry!', NULL),
(2, 3, 'Yummy', 'Experience Haarlem\'s Yummie! Festival event – \r\na culinary delight showcasing our city\'s diverse \r\nflavors! Discover exclusive festival menus at top \r\nrestaurants and savor home cooking recipes from \r\nour renowned chefs. Join us for an unforgettable \r\ncelebration of Haarlem\'s vibrant food scene!', NULL),
(3, 2, 'Stroll through history', 'Embark on an enchanting voyage through the rich tapestry of Haarlem\'s centuries-old history! Now, before you even step foot on the tour, you\'ll get a preview of the city\'s hidden gems. Our expertly guided walking tour is a thrilling 2.5-hour exploration, complete with a rejuvenating 15-minute break.', NULL),
(4, 4, 'Dance', 'Get ready to groove with Hardwel, Martin Garrix, and Tiesto in the ultimate dance extravaganza! Join us for electrifying beats and non-stop fun from August 15th to August 18th in Amsterdam. This high-energy event promises to keep you on your feet all night long.', NULL),
(5, 9, 'Gare du Nord', 'Gare du Nord, an illustrious Dutch-Belgian jazz band, found its roots in the collaborative genius of Doc (Ferdi Lancee) and Inca (Barend Fransen). Formed with a musical vision steeped in jazz nuances, the duo seamlessly blended guitar strums by Doc and saxophone melodies by Inca, setting the stage for their distinct vocal harmonies. Their musical journey, spanning over a decade, embarked in 2001, laying the foundation for an extraordinary fusion of lounge and jazz music. With an enigmatic charm, Gare du Nord\'s compositions cast a spellbinding allure, drawing audiences into a world where rhythmic intricacies intertwined with soulful melodies.', NULL);

-- --------------------------------------------------------

--
-- Table structure for table `cards`
--

DROP TABLE IF EXISTS `cards`;
CREATE TABLE `cards` (
  `id` int(11) NOT NULL,
  `title` varchar(100) DEFAULT NULL,
  `text` text DEFAULT NULL,
  `picture` longblob DEFAULT NULL,
  `page_id` int(11) NOT NULL,
  `redirect_link` text DEFAULT NULL
) ENGINE=InnoDB DEFAULT CHARSET=utf8mb4 COLLATE=utf8mb4_general_ci;

--
-- Dumping data for table `cards`
--

REPLACE INTO `cards` (`id`, `title`, `text`, `picture`, `page_id`, `redirect_link`) VALUES
(1, 'Gare du Nord', 'Gare du Nord is a sophisticated jazz-pop band acclaimed for their fusion of lounge, jazz, and pop elements, creating a distinctive sound that resonates with listeners worldwide.', NULL, 1, 'Jazz/9'),
(2, 'Tatsu Haarlem', 'At Tatsu Haarlem, you can enjoy a delightful all-you-can-eat lunch and dinner seven days a week. Come by and get two hours of unlimited access to our delicious sushi and modern Japanese cuisine.', NULL, 3, ''),
(4, 'De Sint Bavokerk', 'The city of Haarlem is located around the Grote St. Bavokerk (or Sint-Bavo Cathedral). This late medieval church was built on the Grote Markt and has a height of 78 meters.', NULL, 2, ''),
(5, 'Myles Sanko', 'Myles Sanko, a soul singer extraordinaire, brings his powerful voice and emotive storytelling to the stage, delivering performances that touch hearts and uplift spirits.', NULL, 1, ''),
(9, 'Ntjam Rosie', 'Ntjam Rosie, a Haarlem native, enchants audiences with her versatile vocals and eclectic blend of jazz, soul, and African influences, creating a truly unique musical experience.', NULL, 1, NULL),
(10, 'Rilan & The Bombadiers', 'Rilan & The Bombadiers deliver energetic and charismatic performances, blending funk, pop, and jazz, creating an electrifying atmosphere that gets the crowd moving.', NULL, 1, NULL),
(11, 'Soul Six', 'Soul Six brings a contemporary twist to classic soul and jazz, infusing their performances with infectious grooves and powerful vocals that resonate with audiences of all ages.', NULL, 1, NULL),
(12, 'De Hallen', 'The Frans Hals Museum, founded in 1862 and known as the “Museum of the Golden Century,” displays Haarlem’s 16th-century architectural development.', NULL, 2, NULL),
(13, 'Grote Markt', 'Next to the church of St. Bavo there is a large square in the centre, formerly known as \'t Sant, a name originating from when the square was unpaved.', NULL, 2, NULL),
(14, 'Proveniershof', 'established in 1704, was originally the Michielsklooster, a structure built for women in 1401. After 167 years, the grounds were transferred to the city of Haarlem.', NULL, 2, NULL),
(15, 'Waalse Kerk Haarlem', 'Built in 1262, the Walloon Church is Haarlem’s oldest. Despite a fire in 1347 that led to its destruction, it was rebuilt a few years later, preserving its status as the city’s most ancient church.', NULL, 2, NULL),
(16, 'Mano Restaurant', 'Meet Kevin Kion and Daniël Damen, the culinary force behind Mano. Our menu blends global street food influences with French finesse. Join our 15-year flavorful journey today! ', NULL, 3, NULL),
(17, 'Restaurant De Zeeuw', 'Discover Restaurant De Zeeuw\'s artisanal touch, offering a sustainable dining experience with locally sourced seasonal delights, curated by skilled chefs.', NULL, 3, NULL),
(18, 'card titel Hardwel', 'Experience the electrifying energy of Harwel as he takes the stage with his signature beats.', NULL, 4, NULL),
(19, '2001', 'Doc and Inca begin their collaborative journey, crafting lounge music and signing a record deal with Play It Again Sam Records. Their debut album, \'(In Search Of) Excellounge,\' introduces audiences to their unique blend of jazz.', NULL, 9, NULL);

-- --------------------------------------------------------

--
-- Table structure for table `detail_page`
--

DROP TABLE IF EXISTS `detail_page`;
CREATE TABLE `detail_page` (
  `page_id` int(11) NOT NULL,
  `parent_page_id` int(11) NOT NULL
) ENGINE=InnoDB DEFAULT CHARSET=utf8mb4 COLLATE=utf8mb4_general_ci;

--
-- Dumping data for table `detail_page`
--

REPLACE INTO `detail_page` (`page_id`, `parent_page_id`) VALUES
(9, 1);

-- --------------------------------------------------------

--
-- Table structure for table `events`
--

DROP TABLE IF EXISTS `events`;
CREATE TABLE `events` (
  `id` int(11) NOT NULL,
  `title` varchar(100) NOT NULL,
  `startTime` datetime NOT NULL,
  `price` decimal(10,2) NOT NULL,
  `location` varchar(255) NOT NULL,
  `ticket_amount` int(11) NOT NULL,
  `page_id` int(11) DEFAULT NULL,
  `detail_page_id` int(11) DEFAULT NULL,
  `endTime` datetime NOT NULL,
  `eventType` int(11) NOT NULL
) ENGINE=InnoDB DEFAULT CHARSET=utf8mb4 COLLATE=utf8mb4_general_ci;

--
-- Dumping data for table `events`
--

REPLACE INTO `events` (`id`, `title`, `startTime`, `price`, `location`, `ticket_amount`, `page_id`, `detail_page_id`, `endTime`, `eventType`) VALUES
(1, 'Gare du Nord', '2024-07-26 18:00:00', 17.00, 'Patronaat Main Hall', 200, NULL, NULL, '2024-07-26 19:00:00', 1),
(2, 'Mano Restaurant', '2024-07-26 18:00:00', 10.00, 'Bakenessergracht 109', 20, 3, NULL, '2024-07-26 20:00:00', 3),
(3, 'English Tour', '2024-07-26 10:00:00', 17.50, 'Grote markt', 25, 2, NULL, '2024-07-26 12:30:00', 2),
(4, 'Rilan & The Bombadiers', '2024-07-26 19:30:00', 15.00, 'Patronaat Main Hall', 200, 1, NULL, '2024-07-26 20:30:00', 1);

-- --------------------------------------------------------

--
-- Table structure for table `eventType`
--

DROP TABLE IF EXISTS `eventType`;
CREATE TABLE `eventType` (
  `id` int(11) NOT NULL,
  `event` varchar(255) NOT NULL
) ENGINE=InnoDB DEFAULT CHARSET=utf8mb4 COLLATE=utf8mb4_general_ci;

--
-- Dumping data for table `eventType`
--

REPLACE INTO `eventType` (`id`, `event`) VALUES
(1, 'Jazz'),
(2, 'History'),
(3, 'Yummy'),
(4, 'Dance');

-- --------------------------------------------------------

--
-- Table structure for table `info_texts`
--

DROP TABLE IF EXISTS `info_texts`;
CREATE TABLE `info_texts` (
  `id` int(11) NOT NULL,
  `page_id` int(11) NOT NULL,
  `title` varchar(255) DEFAULT NULL,
  `content` text NOT NULL,
  `img` longblob DEFAULT NULL
) ENGINE=InnoDB DEFAULT CHARSET=utf8mb4 COLLATE=utf8mb4_general_ci;

--
-- Dumping data for table `info_texts`
--

REPLACE INTO `info_texts` (`id`, `page_id`, `title`, `content`, `img`) VALUES
(1, 2, 'Flexible Departures', 'Available every Thursday, Friday, and Saturday, our tours provide multiple departure times each day for your convenience. Discover the magic of Haarlem, starting from the awe-inspiring \'Church of St. Bavo,\' an iconic landmark that sets the stage for your adventure.', ''),
(2, 0, NULL, 'Discover the pulse of Haarlem Festival Jazz: an electric mix of Gumbo Kings\' beats and Ntjam Rosie\'s entrancing neo-soul. Move to Wicked Jazz Sounds, bask in Jonna Frazer\'s vocals, and explore a vibrant spectrum of melodies. Join us in Haarlem for an unforgettable celebration of diverse jazz, where each note weaves into a symphony of musical brilliance, promising an experience that resonates long after the final chord.', NULL),
(3, 0, NULL, 'Embark on a captivating journey through Haarlem\'s history with \'Haarlem Heritage Stroll: Unveiling the Past.\' This 2.5-hour guided tour, available in English, Dutch, and Chinese, takes you from the iconic Church of St. Bavo to the lively Grote Markt. Join us from July 28th to July 31st for a truly immersive exploration of Haarlem\'s rich tapestry, where old-world charm meets modern delights.', NULL),
(4, 0, NULL, 'Delve into Haarlem\'s Yummie Event, an exquisite culinary celebration that tantalizes your taste buds! Experience an extensive array of flavorful adventures, ranging from exclusive restaurant menus crafted by top chefs to delightful home-cooked recipes. Immerse yourself in the vibrant and diverse food scene, capturing the true essence and spirit of our festival\'s culinary journey.', NULL),
(5, 0, NULL, 'Experience the rhythm of Haarlem Festival Dance: an electrifying fusion of contemporary moves and traditional flair. Immerse yourself in captivating performances by renowned dance troupes, showcasing a dynamic blend of styles from hip-hop to ballet. Let the music guide your steps as you join us for an unforgettable celebration of movement and expression. Haarlem is calling, and the dance floor awaits your presence!', NULL);

-- --------------------------------------------------------

--
-- Table structure for table `Orders`
--

DROP TABLE IF EXISTS `Orders`;
CREATE TABLE `Orders` (
  `id` varchar(23) NOT NULL,
  `event_id` int(11) NOT NULL,
  `user_id` int(11) NOT NULL,
  `quantity` int(11) NOT NULL,
  `comment` varchar(255) DEFAULT NULL,
  `paymentDate` date DEFAULT NULL,
  `checkedIn` bit(1) NOT NULL DEFAULT b'0'
) ENGINE=InnoDB DEFAULT CHARSET=utf8mb4 COLLATE=utf8mb4_general_ci;

--
-- Dumping data for table `Orders`
--

REPLACE INTO `Orders` (`id`, `event_id`, `user_id`, `quantity`, `comment`, `paymentDate`, `checkedIn`) VALUES
('65ef324f0e1836.47147373', 1, 5, 2, '', NULL, b'0'),
('65ef32a0b82d25.11475413', 1, 5, 2, '', NULL, b'0'),
('65ef33223cd3f5.54606502', 1, 5, 2, '', '2024-03-28', b'0'),
('65ef3327520141.29808749', 1, 5, 2, '', '2024-03-28', b'0'),
('65ef332a5c0577.71884554', 1, 5, 2, '', '2024-03-28', b'0'),
('65ef337112cfd5.71212646', 1, 5, 2, '', NULL, b'0'),
('65ef33830ab194.64343561', 1, 5, 2, '', NULL, b'0'),
('65ef3397c73777.35846103', 1, 5, 2, '', NULL, b'0'),
('65ef34cea8eeb7.61936709', 1, 5, 2, '', NULL, b'0');

-- --------------------------------------------------------

--
-- Table structure for table `pages`
--

DROP TABLE IF EXISTS `pages`;
CREATE TABLE `pages` (
  `id` int(11) NOT NULL,
  `name` varchar(50) NOT NULL
) ENGINE=InnoDB DEFAULT CHARSET=utf8mb4 COLLATE=utf8mb4_general_ci;

--
-- Dumping data for table `pages`
--

REPLACE INTO `pages` (`id`, `name`) VALUES
(0, 'home'),
(1, 'Jazz'),
(2, 'History'),
(3, 'Yummy'),
(4, 'Dance'),
(9, 'Gare du Nord');

-- --------------------------------------------------------

--
-- Table structure for table `restaurant_card`
--

DROP TABLE IF EXISTS `restaurant_card`;
CREATE TABLE `restaurant_card` (
  `id` int(11) NOT NULL,
  `card_id` int(11) NOT NULL,
  `rating` int(11) NOT NULL
) ENGINE=InnoDB DEFAULT CHARSET=utf8mb4 COLLATE=utf8mb4_general_ci;

-- --------------------------------------------------------

--
-- Table structure for table `users`
--

DROP TABLE IF EXISTS `users`;
CREATE TABLE `users` (
  `id` int(11) NOT NULL,
  `username` varchar(255) NOT NULL,
  `email` varchar(100) NOT NULL,
  `password` varchar(255) NOT NULL,
  `role` int(11) NOT NULL,
  `img` longblob DEFAULT NULL,
  `createDate` date NOT NULL DEFAULT current_timestamp(),
  `phoneNumber` int(10) DEFAULT NULL,
  `address` varchar(255) DEFAULT NULL,
  `confirmed` bit(11) NOT NULL DEFAULT b'0'
) ENGINE=InnoDB DEFAULT CHARSET=utf8mb4 COLLATE=utf8mb4_general_ci;

--
-- Dumping data for table `users`
--

REPLACE INTO `users` (`id`, `username`, `email`, `password`, `role`, `img`, `createDate`, `phoneNumber`, `address`, `confirmed`) VALUES
(5, 'testtest', 'test@test.test', '$2y$10$n73LT3w40nxKT3iuTTBLrOv5UFnvcPlLJIYVDNRzg/T8vp6TWRAMy', 2, 0x89504e470d0a1a0a0000000d4948445200000120000000600806000000bdacaf58000000097048597300000b1300000b1301009a9c18000000017352474200aece1ce90000000467414d410000b18f0bfc61050000fb4a494441547801b4fd6773a4699625881dd75a3b1c0e87d6320442abd499a5ba5acc74cfaccdee52ec7e58b3fd1761c6cffc482369fc461a8d9cb51e7267a6677aba7466a50e1d08680d77876badf59efb78021591199125bac6cb50911100dcdff7799fe7de73cfb94273f37f6fedb5db6d0c0d0dc1d2cec3e572211018c3dac64368bb5a389d6eb42d83403d0eaf6700d99a0ead7619dd5201efddfa291e3dfe04c32b2bf8ed671fc362b1e0e6dc04e4f570ff1803e62e6e5cb98364328e543a8e5cd7897b2b53c866d3f887cf1e403e77657a0863a393585b7b80eb97efe0c5491aa55209b79727f1c5fa210aa51c9c28626efa0262f103f4a0c7fccc1cf64ef630363205a3568baf768e50abd5f0d6dd77107df10257afbc8d5f7ff90fd0ebf5c8e44fe1b67bd16ad470f99dbfc0cffee91ff1a39bab78b1f114668b03d3d3cb585f7f8042cf0453db884eaf83c9a519a4f6d7516ebbd16c36e1b7d7ffa0cffcf8abff0c8d4e8b5c2109abd98652c7824ea78385a0159bf132cc261dd714b8c9f7ff646d1bf57a1d97c68200d7f58b2fbe82877ffeebf73fc4ffe3dffe47fc8bf7dfc683e7bf803f1044b95282c96482c7e94486eb38b5fa0e7efe8b5f41a7d5c367a8c1683463657119e94c012785068a7c367fe8672e2f5dc6a099d79c4fa3db6dc3edf6e2e4f40897162f60375543af1245badc40a1d8c24feeddc27ffef44bf57c7fda9946a6d480cf61527f37f23d74d0a056ef6078c4c37bb1a97fff5ffee1a9fa73747450fd69b79b512ed7a175f2bfeb5dec9ce661d1e9a0d700efdd99c72fbed8533f371eecfffed92b9a6ec06333a8ff2e956bf0392ddff9fcffd83d38ff79bfb58db2ce8581c71af43e1c50ff16393e3cfffef49003b9b6957beae48fdafb77e6575fbbe765bfbb0d2df83d3eec258bdfd9fba7f1063e7affe62b7b5f3ed7c1bdf95fe36cbdb3c2f3920effdeb39beeb5108bc5d459f9e9ddebf07afdf8f9afbe422868c2803fc8f508e2ebc79f2355d76226e0443a9741be65c0b5e9f1379e3bb3816b6e0fc16be9209b4b01e620f4b50416e697f1e5a3dff2f76d981fb2a1502840f7fe479efb46a70fab13216eb202e66657b0132bc0681be0c6e8a81b6816f6613058701cd98555d745aed280d33b8c9d8dcfb09729c2e9b2716357d1ee76e0e44688a51228e4a2e08fe2f3cd6374f476acedee63696111ffe9d71f63c4efc7dc6810d5ae06032e27a2a72734127678dc7e7cfce5233e782746031ef5b51789e1c6a5cbd068353cdc3a5cbd741bd56a115b875be8757ba02d40a258e1413342a7d7e1393f2713df82d93f8e563987ebab7790e743d1f17775560717ac827cbd89524b8b0bd39388462330e8809364163ffac90fb9216370b83df099ec388cc5313e60e281c9f33e6bf8c19d0ff0e8d997309e18b0dcf6c141a3d53cc9c03caac36f379ea1add5c1d069d058e861d49931129c44c86de2e14ee2adab57f078731b93d353388a26506db4805e1bf3131348450f3032e08559df84566f40b7564630104291d76fd49be1f70da05ccc201c8bc04c63f3623f0abbcd8176ab8381e169a44b4d8c0f7af09be75b989f9dc5b8db8a4c36fe077de654d007d3d0188eb69f2243039c4f1de0c71ffe1dbe7efa054a8d062c8e217c78e33a9e6fef627e2a889da353fc4bdd2c37720f0eab1ed9ba8606af028bc1c06bd7c06a35229d2ac36232c06436607d278e85713f9aad1e9fa196c652afbe4c8da63a4c663ed706efa3dbebe1209a3f371085728b7bc278fe773d7f47eeb7d5eb22e0369f7ffec670129b9d0394c7b97f7359acac5e426088463bc37df3f687789c5fc7edc5093c79b175fe5e21b71691120ff0ec28680affa8bdbfb7b58db7effc8886f213944b65fcf0f6557cb5bd875bf3b348d010c85e69c2844197110f0f4e719a2bc063d1d091a5b17bb006f7e405a492091a1433c6c7c7504aeefc57395b6dae77be6739bffea9d1093ad8368e68b0cedefffaea4768199a3c13553e130306a766f0f5a7ff1e26631b369b0d1b71eefbd318020e3df2b52e9a953401800657e616f1f5ee01debab88c17db87747c397c78f343fcf2d7ff01461aca91e1511c1c3c84d568c3e4f8348aa913657c94f3289650a093f23bf86ce9f074430b95fb77af5c47a7dde243edd20bb851c927301ef0235fc82257abe3ead222b677d7f0971ffd2b440a6d6530ecdd327fbe011e371eda38eeddbd8b66729fa8c2462f58e7a136c2e09952debb5e2ee3f2b40fb413b83a13c2010ff3def603c8e77efa7c9bdf9bc6f1c91192d918421e0f11441bf162192fb60ef1e3bb577078708048e40031fefec9de536e421a1e8d4e191593d1084d3d8f257a83cfe9d1f53cc0664d1d6894880a167918d2483574c8549af0682adc1035de6b139a4e571dc0a747512c4ccfc043a3916fb6e8fd36b8b1aa788bd796af37502dc6d1e3a697cd5ccb46b9794ee168bb30cdeb4cd42b6a51bbae0ef4ed12c626a711a1f7335888d9aa35ae6f8f0f9286d160848bded4a6257e73f8b0b6fe026fddbe85531a9464f2085d73881b8487809bd74d6790cfe531e00b229549603b9ec3bbb76e22c3877ce3ca5b08478f689474b84844268676e5ea0d3eec6344b345aebd99db43039fcbaa8cb5d3c1cfd474bff7333f7eb283c9a909c48f77d53d5a7a35be434fdde7156eeaad9daf69f0b9072e2ce1607f17e9621dad99014c350c88248ad0f2de92445e03347a3a1aa0691a29abd948236e412259c0318dcac2941f992ad195c5c4b5e7b3a3c11f0dd86960eb70f1e7c6879cb05b0ca8b7f5708ecda1265ef3252364d068104d55697064d37661e1fbdbf8f30f9d7b0afd5dbe700bf19375b80627606de4908a6cc168b2bde270b861d0e5fbbc7f75899e3d009d990e866b7b6b69fa0fdefb85b60d87d1342c5e37528904e6e766f1606d93c6abffb32e9316137408f14209013ad6015efbe1690a713e9bc5959b78f8e2103e5f003e4d0b97b9378bd904ccbe3124b2797475564c06fdd0119124e23b3cbc06547b06aea503e1c809aeaddec097cf367089cf7d22348a68a58b214b17255ef75b2b73081f6ee0ad6bd7b0c36792e55a578ba7e81aec58b8741db9440453e3b3281271c40b793a0927a606e94cc24f60d2f470696e1eba668d80408fe75b27b87cf51e1e6f6ca3c5f37071cc4fc7614486cf6a697c8a67bbc2cfe01aa75238a1815a9a5fa4412c718f39b0cdb334363d876ea7c4e526aa2ea5904ed0a13bedd8dd3842295fc3f2f245b42a29844213b0d93dd04d5ec2fd060dc6839d635aa61646bc4e6c1cc710cea409bd7901dca4d9961efb91340f7611f17c11133e0b37f33b70399c709ab821dc212c0f73f1b4066cc632181b20047739b075748c1e11c1d5d55542b327989899c6dab3cfd0ab96d1a41190cff50f8e60eb208c3037ab3f344e249247fa348da9b129d89d361cc5e53a6a181c70e202bd4cb950f9b3a082bb972f608d9f2ba8606cd08fa78771cc120d8861162422466384885dd736a3616daacd7c406f502672cad36fb62a1df0a4a263e8e0b47c4aef6f044d21067d2e98f8bb76ab95d6becaaf140f408ff07f03776ffd009b2fbe40d0eba2d1788180ddc6b0ca8b7ad780747c17cb334b3889d2bbf5f47846a471184be2f69d5b28a513f0d23b657e7504778287b8d9c15127072d37e7d050081313a3587bbe0e3d5188c7e7c12937a318ebc8e173c2e31f6363edf3377ee6e4c205a4f736d4bdc83df6ea051cd2480b422c10a538dce37032f489c64ed0b510925b3b28d3101f1a1218c6180f6f976144ff60c63315f8191aa5734522c52837645a1912178d70b3a7e58633d1083022a011aa113d8c0cd1409a2d34f05a8c4c0c1105e4d0a6116e10d60b5a3a33425e3e142f0f733cc390520c55bd4dafae83b1e28129cde7b35fc35637cbb52ee02abd72b8d8a4b1a797b5bbb07118c6f2c20ab677b630313e83274472f5420cf9461b777870b7b6d779a0b2bcef3cf20cfda3b1233469b466a666914df40d1c6d177f7f1da95c1d0b33f378fce411a6b91f357607b2990cdc1ea742404ff612746a6e1a922036f79ef13d2ef09047f0c1ea4538fc83a8f0fdf546a2f49d3d2c4f8ee1f8689767e44f77de1b3b6bf87de06194484c0c68a661429167e30c3c78196d946a053e873c860687f0cbc7cf1936bb88648d98e5791923f2da8f277191686763fb31ae33546fb69a787194c5db1717d47bb7b80f7d030138bb4d3cdbdcc1c5e5151c1eef73ff37313931837492c6874e504f5a62e5c2453cd88a22592eaa88259f38e03ea4cd78ffbfbd773f9eced133acd01305b1b7ff0233b474f1d35d78cc7a8c0e0fc3a26da057cba1d1a4b59c9de14d44b9997c88c60f516f38f1e461845ee01499580f7572280ec7081ead1d602e308081b119a28a4d0c32a4989c1ec5f5f90bb4983578c617219f2b96d46436c1466373e1020f031fe8f2dc0a8d4e9a0fac88bb97e8659e6f60767c442d5e8f07e36554f0debd1fe3e0680776721d57c98324a21b3039022abefc3e5460b1d931b2a1c564c381ce9889c825abbe1619962924e2f0a2c0eb6b7323378c159c1c6da152d3c3ae33619e5e4c63d7a265eba16823e0a6f171f17d3c4bf3283c3d41e0e23c6af92cdfa7c1cddb4268788cdea00e9e43e4886acebc7632193d0f05d2e924d728881cd14facd8a5c7bb820c91c0c0608006280a977cefc109306850863e14332240889b95835e09e3ed77dec2f8d82843802a9abcfeebf7dec3c6ee31425eab42336ffa4c9b6f8887bec07feb2884b81e2d9d23c47a932158af84f0e9011c36371a9538ef7b14c77432c1d1053cca6d61d5330977c00b3b038f2cd1513c51e27fe9902df4d1a186a86338e8a251ed92876bf2fe0a5c435250dc6b260d8d38d1d6d67e9221451bd912d7caa525aae601a4311543d423e2a9f37e93d92ac36c03f99f3a423e1bc3233a1b7460b39ae12692dda94530746245f3b88a702f8b369150c3e8478de8ede2c4200ee8549bf51a0f751581d17958795fed561d911caf56afc595c5156ced3dc75ffde06f7118dec7c08020d2229d9d869c640e661aca74ba46243886705cde9fc83abe87ae96484b0fec1e27fa3c532a8f6a3e021d11c000f789b153c3175b47388944880c7aa8d20899ad1604dd4eb478a06b0ce3f789f0edfa2e22f1a80a656315ade2f146426318f574f1fca488cbcbabf8f4c11a3495d8b9f32e964beacf3fc48076f54ef48a114c723ff111a3c37fbf367b07e56a9cebca7bab100115cbca90ed1e1e60fb248ae590074e1ad90cf7493215c7d66959dda3a03ab96709f34a892dde4783ef6fc3e5051adead03382d6d3a0d4608e90846790fe56203cff7b2b03374cef1bc2f2c2c1015d6188d14a15bbcd2ba6f7606612371b47bb84972acc330c08f44c9a020998df1e0c6f61aca0d177a5a2bb2846a06db2036373fc7b0c98bc9a10168cc7918f40c2fcc0d0446e6b0f66203376fdda60129e3eb2f0eb13811848ff0d2a76df1209690615853c9c7492aea6838ba24a2a7914defc349d8a923e91b4e8aa7a007cee5a0a717f31a1a8ccdf32a54fbe4c9ee392aa872a123d1436e9621866d190cfa7d2831f4599a9aa601e8a32a896de51047f6d67e870aeefc18f59f87915929a31a68d100da19127895012ae7c2981923c14a431024baf08cfa51a027ba77f307c8274f304562ae434f524956e1bb3287ea1e912111593bdb85e6719a5e993cd0d2006c1e2f798e225adc7412737478000b3c504d1eae24d1d9043de8cba1c06134851e37f91902141e0ce45c2b950ad1565a8548d68a0d5a1ae01e37948621e38ebb80a2b383e97da2d6c621b4f10c6a84b70613371d37d5cb7c57a6d27aed67ba19aee689d22e4ccf9e234443af0283cb8f7038cce736830f6fbd85672fbec487effd14eb7bbbf8973f78176672497be1538c7419322668b0bd76f8ac3ae42b72871d6e401391a90e15a2158fcd4494037af726aafc7b893cc774c88e089f698b08547e2e96aec0c110266314d2b46fbc8c24de9be4a15afcbd160d62bbd5a6b9028ab5168283c3c865731012f049f390e14a03f31a370f0351938fffa73360e5d20554e24f683862981e0da04cc3e874d93164ad2356ee617872517153c7c7618641455eab96c85087999121b4c82feeef6f6265f93a766365eed9263ae461e62646b0178dc3c710a2518ae3fd3b77b1c3c3fa835bab8c12c877cd4f627e5228856d8c329cd410dd2d8c0f138dfb8928d230703f3a9d0e1c255208d039cf11ad548b091aa70e89e1ff06393e8b0fe43d19ced8c98b5ab475f249e421ab463ae0538c0506cf9df7d8cc25f5e71f62406f5fbb81cd9de798bdf62eae9240de21e21f1f0ca1cc73f6626f9fa0c141c3d6419d6bfc0e1de8f4308963ee6b2b0d90dccbd5ab6ff3dcd35065f2f8c1edcbe7f71c2635e21a5ea6312c627a64103b5ccb4a538314d17f5363c1d8ec127f96d73d388a4aa3023d9fd7e5d9114589b8b515e8566e18eec3e486dba6a7772990685c20a2d8a3b7d7d2b39bd0aa6531bc700d25c6a90c1751695561a87321751efce883dbdc780e929abc21865b8a2c6cbe875b732d928feb24d906f023def851e20589a84342c4411c65aa0cc1d2847d63444f15688d16b8c8bc0b9bdfe661351a35585d9ec38bcd08dc7e374e13a720c8c6241fd4717887b1b2e31c15e40ba9ef10a7c2016dedafc1195cc2202d71686a5e31fc67a4e4a6a00207c9b9581519738584b11196c17172249b981db4d1d3db09198d5c8b0a8ec229785d667a633d0e377761a7b2d53eacc3796b169a07696568745fa6a10fda413616651e2e8d839b788fc6e429ff3dde43f0fd8b285069f1f201e7e97d7bbc47524138e006142f23a49cc96c8595f048106091c8616166815c4d023a1ec81ac35583ddcff0b705db6c08ed7019d1913a72b6865aef4b692f3647f2588c3b7160af62f90a39a13dc26c1eb7f9b1311e96984233e2910f5ff3992e86c04b2443053a07662fe10949560fc9dd30b9acbf6c4f23a68d60978aa0d7edc6afbedac06a6a18f9b52c0e2c3914f2251c7693186b79d1e41a27e9fd9bb434d71646e939cd181ea217ccd04b13aa8b676df1907578b07d2e0b378a9d768607bbdc26d2ea2a2464665855a1cad222bc9f1eb1c34aa7e87392d0f5d9d1a0331483245ff23cdb444cfe8141f20a3c641d3d4963332ce4fa4eb50c5b4c2d65f067077de401af3224d3710f35314b347f796e0e87e41b97c627c8dbd5155fe2f7f9b1323584133eefd5cb5715d218097ae8dc4efa488304ec18d7284614e01f1ac7d1c921562787e9881ad86758381a1c535cd06cc84252bd4bc3e1228f13e5f7bb8c12c23cb43436c10974ab192215e1ef4678e88f18965c42834879ef6007efbffd139e2f137ef9e4337236270cfd4b8865cb88f0fd97afdcc2c3670fb13aeb47b9593a77decd2a9119c1c3f719d0a9f1cb0c73ddd8df634432bd42b161933a0415c25c1cc9c20142930b58a782756791213e09f801a7065eff3036369f523cc9a04d1ea846123c447aa446e3c8081b0f7836672767b013a183b218695c06b14beac0cbbd74787240ca638e7b83740d43386e3b5c9818c62f7ef585a2558ce4018556d111790972d2dd783f745f60a386c4512213e7628e6261ee128ef70f6021c15b6e16f0fc6912033c6477dfb983d8de31430017fef58f6ea90390aa90e12f1af1f593357236462c0cb7c890ef531efd5b7ab82f50246c3d209ce4914655ef878dd057cfcd526b1470edc28ff970b32ab4aa37abe810a25bc99d08612510f5ea854545589de43bd8dea6c59ebafc0a2a3823875f176a0829d9666c6ca7d57c9994ac57ab18dca63736779032b749a2dad0db6528326041996a40842184895e413cb9c8ca621033a2a2f9dc18c81ad1a0c716e322af76a2401e86f144be456eaaafea046864eb6dde0bc32d3148a5f5044c24137b0e0da1b71555c6f4035e1b480de32689c85e2349e352c370c18f06e3ebb6b140c9b20b5f5d8f389fc990ad8e776ebccd50c388e36c06593b3de29e1e156f17931137b6823985800cc4c4762a52e5dc29666e5d43e62889d0c818374d92066d06dd5691dc840f051a033349dce1e1211c921f090d87a8a21ca3d8e8a9104c8cd633861362b4563eba814b5927066fafa80df87c6b0fc10a0d34af3e9823aa9bb529232406a84b4ec568306162d04a44d5c02995b03ad18b18156598f93b5aad1e1e7239124ac5121934698cad0e1bacdc940efe29219a285b4d8d89c6acc0bd486743645a6118b57510879ecea24723a663086da4d7cf1585ecd45094e840dbe0fbf37f2d57171d8676c21539c94d3de73af468145fec93d0a3a3fdeda3c7446f74168dba525085db14a4b1b6b14f6f6f57eaa5200d337f4790463e71c4d0621e4f76f671656a90d440077f79ef1af75643855612ea530f21526b71cf93574bc548be13214dad12d1da69748ae4cdb97fc9cb59c481b574445517918c26b11b3e225725fc788f1cd326a5fa238cd2194728063abca38c00cab8bee0c5d76b7b0859dbe721da99f36ef31ee49ebe6d403ff96a0d41729187fb619576416284f27c8688a8cc750f33241e819b7c51dbeac7b3e74fe1e319906b3a2088d0ea3bca815b89a0e52c1902e3b07a4338da79d20f452d8c824a6d1a383e63ae53aed6c6f2d4286e116d6e1e4631e33761f3248e3b42eed7b374b655548a35c25986ccba36928924debdb6c8f7aaf01eaad0fd8ffff3bfb8ff7c6f132eab56915ffb07443c240b3f598b229daf3216d5e25fdc0be1f3a7294c581bc857a974cc04b03a751dbf5d7f0a0db98d44238549e71825f0037cb593a60cf86fe00d3e84a6f5211ff0afb0ba44f6bc56429ef17b3e1ba6e2e124493d882d32e45ec6f007275b18f28f91fc5ae2034ce1d2ea6592d35e6c6c3d2371384d72bcfb4654f07dd2facaca152e7c8a903f8b74d3a60ed800377fc54623d2140299077d5d036d81466d480fdf732d0244741dbb78631355ae26fc0c1f024b2b7030a4aa7d155386e5ecab2d87817c8d9107cbe9f0c34b8e49105db55d864f472f64acc2ce0d67ac699024dc9cb8281c55047397aea255caa091abc05c271ad3d750b79461e2816b983c54cfa268592ab07947a069e6f1f4c503ac87332acda0ce506a9270d64444d0cdd731dcb011116868d049bc8ebbd068d7d4a61e080d1092bf50eb9760e8d822bc7e9d626829e608ff73e721d8618ec69361f6d0083f8307f53f1c3dc18367dbcaf85cc98e921f22f3d21563a2853b49d5473308c5e46824e72a4bafcf834b8463b3e8546a849da1d8dc9897ebca908baa89c8ed664aea351a2cad8928cca4516193c06b0765e6979535170d6530e4c6da5e5e715bf27ef2f95d7a7703894d039190c8c24db2413a7afe4e87df73d147d1f8f4b4e457e8f6c2c7c7f0908f2833f46fd0c15488ae8426e00350eb719a2e2b03747d3e445036704e1fec913c7653bdb19a3a48f2be2669b0350cf32ab9e3d7cae99616112faf7b72688634408ed7ae27eaa2e13ccd12d15fa0c0328d2f9fbec0c2651a9f63f289d50e4667a7d029a5796f05d20a1f608788e50643a47586442283f74a27181fbd40a72248a2cb88e36f15472acefbe2dc47544993085391b291bc7efe82bfc3d04e0c68241c859e348183d792c81628dfeb288dcfa8f7fff1073fe57e7a0c3fa9841a63799f9f069ed14da51c878df2f9e3179bb873e73da24e3f5e30749af41aa1efd4c99f55303bb6446752824dd7806f78e23bf2bdb65550d71d1c18205a3c55ebb74830f39bc75b24abbd2ab76f767c08ffe5cbc7149466e02547a6fbc9dfaede4f25364812b661691a1422589819c4ccfc04fee69d25bc7d8da433398bbbf376fcdb9f9de21209dbbf7cf7afb116dd55c6c73134c8834768486f94242af937fff287e4747898b835860632e44e2e90f3a8704345709d56f6ca85eb5827bc1bbf74839c509d61d521acfeb95794962cc96d3fb98afde36d0418cbb6cb24abc9ed54f97926ab81de3b84643a75eeb55f27adc7f3f4e6e3120ad89125ac9f1f9724ad0417cf0a63920c9aae87f68015e61849661a1c43a603e75f2d21d5ca2bc2549419aa9c343e64fcffcb860aabf48c6de54b8c4fd0e444990a9fcb3ac0836c855e436846829a8e9e06c001131f9259eb2584a7e1edb660a592582131eaa2572ef3d01b192e8847af3b74e4df7858cd6612f969b8892ccc2d2b0e49f88fba0cfc77079284edefbdff019102c355deafabe7866792e16ce70875771dbeb20dcd311d8afcac167fbec4e7e0a6547c18dd53eb57a914484c565fab18da68e8fddc9c9a661a255ef769244972b80c8b3d44c9368704f99dbbd51984ea76952c68e4c1d7117578299f9bc94389e267a421b03124f012b5da0d5a11d4487b910be3f7328586ca21a974b86e3412c2cdd4db1aac5c254aa373f0390ddcd44430644a3b84fb3e86bc253e5731385a228693d3924296161a95b3cf17d463a1e860a021a3fb500a9e5e23c90354d7a84af618ba19f9390d222333d1d474da8658afc0b0ad8ba9e919f57e4203c87a78e960966766b9273718faf1bef9ac86823644c975486a889ee87471e1a24af6db89541811908ba1daf76d39dd3f30a2e4683b8daadd3b80875b11d8297527e950278283f8e2d93a3eba7515b9f83e15ce184607e9a832a7e42dc7e0727bf062ed09d7d3c6fbd22bd42a3c5289dca38f6b9a20df19f08f101c6cab7552ce3b16c3d5851b58dfdf5287feeaec109db10f4f9f6ee0477ff31e91cda1428025461fc7449b098644d72fac627dfd112ebefb113efff89fd02c08799d868d7b50ae49b8d66b172fab6b1d0f0e90274cc0c9b06a7d3b8245ae11212b89ee0a86687c9a3c93df96ef3b5a37c33a4631e47545053b3ade23da1a458f628924f44a5e9f2417379af5dfa96006ffd67d1d3da1dde6c1959bb731f54d06eab0dfc9034b45265ac4c0d03063c712febbbf5b458456b1478fada555acd73a08133d752893e69387f8cb1fbda5949e27847e92f3d1df38660c51026e696c6a43ae1f27512fa5109c98c3af3e7b04271f9c64db7e5b691123a4774d1071319ed75bd40dbc7b7d4ea90ca784a2b66eee15e2f47509777bd15322542ff9ab080201a2097ae91e094c1d9152573ca753a70c901814d9e0cd874978efd23b460b44473d9c946a18613cdd2539adcff493d83ce423ca9d263cf4342e7e1909f7b9cdf1797b0d9d8106dfb5437fdc24f4d4f0209374d7d50995bb9273856e9a078d86c5c8cfd7f340a2d283bdc4e0a42097cb43e53191dba1142a44aebdc4c3e447b31401174591d02da556017e1ee89356861edbcd136945ce92428cca8b991baed9e2a6b20790cf44cfd7cf482ca0d7d95eaf183a7d6851ad2853cdd196b32adbf8eae5bb34e0dfe4e230c4ba6af1c14d54fc73fd01c2e622ae9849369e64944255ad3760755a95b42ed279bb4a02dba4559cd3f4941fc3834ec422e41288260515c9a351a17b228131875e211ac98c1ea633908ce816c39564a6088745b29ebb88a7729822612d9fef21193b1cb029352991258129464b925169c0bb44503afed930d200d1b998c8b98d519959e1a1d48868a069a049146123b99fe0670f102dc87a1c91b0dd395ce72166484227f6fe5b7f899dcd752c12850fbb48a656cdb84289fd982a689121ee0f3e7ce715393d2bbc1e11cf56a4409181a1090ff5368df6a0b5464e68848e6f1cfff4c50386a77a22571fb6b916b71629d410d18ecc90bc4d26b1c5f0ab527710baf159f2701a6c037ce671c59d25c91f7d70f76ff0d5a35f22df2101d3ca29e7edead6e8907c8c18b6b048d165737b8b86ab0c23cfc93089f0a38313ac4c78c9b7a470fdea0dde739ce839ad44263d23b764498f713a57b32780dd9304de5a9e27499e572934e15486ff16c14fefdd066d1355bd30b6299dc9bd4589dca2c91c0c9d22f61826ef454ecfe5fb77debe4b23794c27d4c0d2dc45f53b364af28d621e353a9fcdcd530520c647a9c092fb8b08817ee99eebbe81de424ba5a65e635cd7d46371c4a736c916e5b6a59910122749c25492bb1bb229abb4f65ef5fd3a0fb79d4a918edefbe20c89abb518616999f04f4b3ec88078b4a6fe2e5f12eebc20f49b5fbaa10e47990866880b974c46fad9b6df282dd72edfc43e0d87959b682a34c4b397a1753df8deece83725dce9784f535e1a0a1eb244fc98c6d1a40c819e04bb9607bee1e91b201ba1bea1a3e567d21b3f8b03191a0c9271d373c3286e86f9f31a58b9998dfcfd14c9c151a30bf59e2082a6fa535ed6106d01c3af16ff4d1f6d21ef682347086e653c3fe009a165f8261c6b68a02bf1d014ba2a7c03e56f1d451f7d9e8729d48599b270c19ca54a635669ee763dd193d5c310aac590ce430e842a2143233bd7be5b88d0b4f03d89c2debf7517cfb6bec465867707b1380f73f77cfd44119124b4d729865a7ab0aeddab8c4f9661513c47e95ddb8698d263c6f4abe9904a06fcffb776d47d8e937cfd3a7f84ffc3ea154c8cf8f1742fc643d150d27a8c863ae47310931051325cec2907644468c88d4caaa842b70449760bd75147fbeb60685015d595f2ac209a0ac3c8d37c17cef10594c9bbb5695c24ec92cf2766e5bee03ee2f333316c1bf038f93d13b2e59ac4c29060ac4de4ead030ece39a98f97ced5a23d1b989ced00c33b9ca9ad7c21059af521ddc16bd5a0f49d158bd741bf158142686bc92213c35374d15a748e718a2ca738c679bfbcaf83428c0889c3e43f4b27b94a1513193eb9852727aa6dca251322040a53693a5c3a257a16de5e1f4a19927f225ba11f41949d37811610a61ec767a900c9f6068f6a222d32596add3b0e8c99d8c8e1159f139755a754c30f469334c9e59b98ad8e13e8667e6f0b35f3c40e4f81991ba9e22c11665fa0b74cc49dcb9f121d61f3cc0ccf232d5cc3a4eb3258c90c83fcde440df8b6bcb22321d9058a6624982dbe375a2242511142db265ae2b23064db30d1779d04122b7e3e3031418267227f33a6749c994e800ba18e6739ea32139a5a8244e6a76c88c2f9f6fd36812111125aeef716db51da5821d310c1d246aab70bf098592e1d9b7db9d7d15cc77d17e5fc370422445914a3f5c9d531b2de89e2321d8567fbe88ed92b5d520d78962e4d275fcc7df7e81e5d1217cfee506b48491953821e55848191a7939183a5c5eb885fff3ffebbfa0622d214474b57df89844a31c240b0e530c110452532d383a3cc4dde52992ac16a4ea667468a54fb8592f12cd48a8d6ecd67f6f76f41b13eec82f5123444b6781959c80d465492e878b0122a856352c5a6580cc4480baae56a97c267a2a8d4f07117c8b24ed0c3c34c5416eac8281619546a11ea5f669faa4734a5f408b7c85e35d7a13bf07a784ed9a909e5e8c2117e1bc646b57dbfd304290968768ae242acd4b5c9290b4663299a510e57c1e0c17c34455eb442414e42635928730909f90833310a05121f968b1da3037390646a548459fa22ae9070b9778ef7b343e3d554650489f30f61fc3579b87e8d432af550ceda1198580c4f8c84b6ac732d526114a56199fb36440d3b25325dcb9dc7efca8e043b95253f54906a28a6ca1aea4752fd5c5419ff59c3896ac654641aa2443f28334928f4214aad7c917ed0651d2d890f38f4e461c101593cf526fd0a967daa4742ce28085c4b48f21959f87dd468f6ba17131f5f833445265ded3499b1e9e727ca39c208f584034c7e763f3c240de6c626c18b1931d95ddbfc16b90ec7e11318a0ce51d4e1715bd00ae4c8f2839bd562fab506365dc8ef56846c9e909228db72e4c23cb536e6ee608692541d383fdc31d3af63626a92e1f9fecd3f19569b867b17514c60251a89162669b5c549dc8f11a43b4e76beb3c73121e9749360fe3384723928bc1a6ef32a4a408c290aa402e344015af4d82db40fe7179e92a9d2dc3a3961187bb0f3136354e8358c6363f4308703b0fbd81dfaf95d3e4e28298995ae29ed4aa24d271ded3f6d6162e4ccda1489a448cc428ef27160b93e688322a712a15ccc967a825777b91e0e4389e554650e4fbf921ab5a8b80db88455e93c8f7123a77ba1a54b94784684ef2bcef6dee91e39d2152ae733f9bcf5530edd5e9510c87827defe61e537f0a92f9d56f3fc6ffe9fff2eff0fffe4f05acf267de7feb1d6c52f5493c79848fde7b4ffddc15fe3b0302f211d3f8fb7f7a44865c8781a910ae5fbc837ff7e9afc82f34306cfe9730d363b43b7dd9f8f9c606e433335cd452781773013baa7c68ffcf7ff8190629b57fbd430f333181075418f613f46ed6200e1873c704ea593c0c894678a08e198ab4e0090470f7f2022c8c810b0cebae5cbca6f20ccc443233b3cb4a4ecf9e6cab4238210a2ca73c70c37e48f4d3a977fbc8e5ef16157720c6471d407a6c0b63da4eb68d8109c999a1473d1445ec77af7aada98c86a01f4fbb5fe8a8ff6501d5bfdfc4cccd6bbc16129eda06c66eaef061006e2e78882a802027292318308460a959cfdfcfe2d42b9ec8fd88614a5892ba1a4867ab2443afa8d0c2377549fd5c8871b941121b075ce4979a48fc3a4acfe3c27c6b5ec5fa5b1b8f8906fba16feaf809a5e3698a0707f012731367e1e6cd1b2876ed34c227e4cb5a6aad0af9341d424dfdcedf681755d169a7bf344a91ec0ae9dbee1b27313e8e4f485a9387199d1d85d9c57b30e8d5f7fc6eab229773d91ad750af5230ec36ab2ac948d2a1484e969d4a9ee29074fd044521cf151fc3abdb394ce2f438debf4f972068e72b9f1f2552dc8b95551e8d8686c6e397ef9b14d2124eca4671814784c685c68ac63be477d3201978d01a68310ccd309cae313c3939d954a1dbd94bf6fed7bbfd2255294eb50f2daa329ff7af5e82aede573b9d9a0206199afee2d133fc9a84fc8be3329160df389b1a5aaac4ebeabf1f3d7b80638620898a96e7e09aaa057bff9d8f906b5950a00138ceb4a805bb28f0ece27ff8db1fe3e1c7ff91eb3485dded5d9cc4848688e2c26808fb5410b7a27da72590af542a623d524633758264ad7fed42c4a728089535e43853091a6006feb9139eb326be2012d9dcdac685958b7cf6dc4f7404f22514c72989f38f3ffd1946c92d852351750d722d724d726d728d72ad72cd72ed720f722f724f726f728fea1cf39ee5defba838a4d644d646d648d64ad64c5eb2866f5f5ec202cfd24c30a0b2b0fde4e9a4005d92487563cbcdfbe5ccb192a94f09d1be5adf459a90f284c66679790989ea33a44e2f637fe7ff87f7ae5dc4cf3736e1243cfdfb2f1f513a3f21543362647286d6fd1443cb33643f7af8e4b706ac9d7c8c95a1ff1db633ff1f543227cadbcecf2c32f44a136ae7717189b0536fa71cb9fb9d8cd52217fc8fc98e3e2b64959710d7ab94e1c98bf2a148be8b598562ee236ed00695093e40f10a3d6b170642cdeea719e4fd2df81547d53733715399f23839371a81bab6c530a70d47d9c0f0b40a13a17d7281bc0e1dbca5dbe7cb5c568d42442227271e1175fcf00ab4bfc9a0b541f99ea0d0c283a28756c17d79b505819193f050bd28cb1bc9bf91271214e4f83189f067091e5ec98949a0fdaca3a47cf570f815bab7a814b912617d6780c433398876bd05033dd4fcc2223d1843ad7c4725a9956249c409c10dfa0a158720a131ef97dc58aef63bc570f7f888ebd4c55f48ce4fba82636301c32383e7f2fa5932607d94a4efaf0a2a19d04c85a75428d3d85005216c1663d2ee74550d59aea9c5578f0f5e29c9d8394e2bf5cb6d37d3a092ffa2d190bf572431537284783d7f4c32a2953c42876157bb2df94d3db16044425d2567d7184a3fdf8ae2cb5e8464bd017992e091acd4e769913257c937316c6e4a3e9b468588da6a44e5071d8918a26f6391bc62af91c5f2ec65851c738534a6972ea09e4b9317a3016458f7cee5596c936349d3b055b8a6820224041bf27a140f2489a24dfefb52c84f11c08f38298314d155ad439aa351c32acf51d06557d2bda8976d7ede30d1739d9f252172344dc29148b14004e123e20a5aa55e6b4ee5254d53a912b99ef1392619629b89ce9eefeea984e08364156e72aae5724511d3c727270a39c59271a27c3d89ec902a9f1003eb750faa1cbf89891049f7a0781b4615476a8f3692c77011f94c4f8ec0c8b3124917185a35d4ee3dbb47b9e708916f9ef72019d4772fcce2244ef44ac7e666f86622e7babbb72bb9eab873f10a7ef9d50b2c4e8ee328b24181c3aab2fc256156856092a32332b5c89893aebf25c94af6daf113657c82c61f2157fecf189f9f4664771f43363b65f7045c163eac5b3f45c06c2541bd012743894abc85e38d5fa2e6ac63c4fa530c8f6d90707d9fa18ea830090407c7b1ccd0ecebdd5d4479307c3e2f72e480880d19bf4bc52e95af03c9f6d4fd51d9d16785ac05862842bc0aefe1260999a4b1a3c385236344f39432b4283079722c8b463892e462c8051988daac0d03a5749d5afc04afcb4eda563083819ed6d0a651a03cae1f36c35320522955e12d9851b6518ae4663f0bc5040dfdd2bc87e50ef9b19d1cf70f951887015686041206347b94d8c9e819b931e5771a9217c3f7170f2d2f216e55de90b50c47830652dbeb93d334606ead411927f912a3265f123a6a4a6db4fdb4b42473bb3c00cf28f11fc6d28a6b7031c63e611875e5ca75d40a3146d016e808ffb3c5a682be678ae18bbd53bc5599384f061403d4ab2770f174f49564c0f1aaf53c1930cb3572fa6db01a3528d270a74ed30c2b5c449ce47ddabf2bc9c8142439b3a90eba7cf93c963ef2a1a1509279abab88ec0289cd46ab6fc04c3c28bf2f1931c7cf7733d43310c9d43a7aeead06bdbb41bdb786ef57a1418ebbab8877abc850c5ca910b299a9a98d1391148b911a83950a3bf124eca481ec262716069e9925227e5f0161a2e3cda7a8ea50b4be4727a44122bf8e5175f92a772a867252188de24a5221d158619fc13e4f21234ac4604190de8ab293eab761f817ef9ac8ff278bfab2b8b54c87c38393ac2daee1189701b1e6c9ec0eaf2616b9f22823340029d21d55810a324830d747d11ee7b9f5d4f493ca9920613a41d96e6977862ad0ca723a8e6a4bc22880843268baecde8618ad62fa79ef5eae23c814002b7defe08a7925c5c29a34aa5b3c9776ef0796ff21aa626fcf8e4e9160a149ca6c9c9ce8f045486b98efcd60139c0293aa9723a4c43d6c1c8ec822adb11f4ed1a9bc780a98658a6a9d6623fdc172df43c63c74464772968950b254c91c0ffcd975f319c1ca1ecdfc35bd7afab14995d1a6427cfb1ee5ffeeb85fb92a32332759bfcc651ea73551b7261a1032389518ae36a31f224716756afc34b452c4ae56688b145930cfecf05ea5dbc84f1908f0f520fc7f0b45ad848fc17f0931d3f88fe8cc45a97967b9807ce84af1ffc1a4b5393e427087b73650cce5f2592d02a4f6db152ce67cce8e286fb63b2a32f2cafaaba30c99015e275c0ef872d66475e9b5669eae6bc3c4ac6c0dc14c2b988e4aecd33f0aaf1bdb91a3ac6abdd16552f2a4f0d9ba8541ab46820cc3cf862f56b440d9e8c1e3af21936a29c1e8d6e2b51c5d60cc395560d45c2dcaaa18414af6941e35599d366033923e13bbe413e6d1a35bd56dea36f704c0c7f628dc27928e0a75c6cf5d19038494212dab6e3e4a1a6cd0af588e129db844ce1bf1b7be79c91a404b42d02d59a8ae72892b3b87b472ae6c3088723541c2c980898a95ae411207f2361dad505ae231dc999627829e67b2519709272fb5477f07b930105455579f8242da25e2aab7c9eb39fdd8f70230fbb5422a7700f2f97640cd000894368d0084b3b0da7cb43f4d550eb25b55f165e4383064b12410d967ee83632f8facfaf51091454d4265aeff13955ab0d95ca51545c9419a7447dfef151182d0c0349b426c92b8d6b9c92808d36c1d540598fcbae796c6a4ab8cc43a2e5c1ff7c7d0f255e9b86fbb1c55026954c51eded91638cd03018306069d261e830ead1ab64bcf7aecc731d4af00ecf20b2bf81855befe1eb2f1f92fcadaa121151d746172fa2c07d7cefe64fb0bfbb8dc1d10904281527890ea52e2b5fed626e769ac6a1c4d0d48034432491bf1394f47da22e971be495dab836338e628a619a70a144624e17cf011561032a44a476bec7a24ab7a810110f0f0de1244f5eaed952f95a16726c4d3efbb679805c5319a27a97f255cccdcd725f98293c947091bc91cd358038c3ac1bd73e2017b78de0fc0c9e3df90d9f8da0d01a114e11ab77eeaa7b9d5cbc8c1a6994651aa83d1a47599322690d59a316514fe2f854a1d5d378bf464e4e412e974526b90b3f8df041bcaed65a6b2027d1ecd226f2cf99a053fdb0240cfde693dff4c30b4a9f4b178630b87a157b4f1e307e7ca8b89aafe269d878a3c2e13cd9df47dee4828d967a61d883cffe1e8a7c5ddfddc447effc25c3094abdad3ea4162e483ecbe719c2d414ad35e3fb70a146bee38ee28726e841ec94a2f7f6b7898a3af44afd1e315f7ffe10935e2beead2c60827275aca2c3275f1fc0e6b980c70794f60d244649bc1d52ae3e2122ca52ca15bfdbe062b4626dbcfc122ec661b7a0c33067df5ec169a0a50c4dd346d2f7de32924457362d910b0db28ee4a8839bb5556a2aee475ed9441a4e2a2b23cf7af0dc59525f9ae10eeeddbd8d04558e4c8fd0bcdb79e5338de496ba7c401d6e86b3d788c175fedf2d07110fe1b224b8e9733af8ff62f1fc7b65130f050f02ed272c54d2ce3823859c923a042f5f84ded3f7cee67a9e06db888fee5cc1cd1bd7e8f9e28a131302580a0ba52eedead4986ac676180e43631022b9471bd65564ae93446f22d37f569962ed9cd33949f5ef5d0822698ea6501f514bf71beecc68b5ab9f753aa9f43034eb90b05f991b514ad9c5c511d53e2391ae229f6fa8b0ab4d44d062880c45481339316e117545d2210a95164395b6aa4b7ad3e7cbc78a516b343afdf0cf2055f21d85a04ae414c7932ebc9777d0119ea069903c6c72267caf42ba41754dbe74f82cbba6de324c82fa3f7ff115debfbe4a8e8a4895c2c7ca84871823c53521d2d4f7792e8377aafff3b936fc367ef9c7b04711e5d34f3f3d7f56ef5f99e39eff372afbda611ac129290ba9a9faf4d37f429008ffd3cf3ea3e216513c68c32c489edc4d36c2436ec5fbd72e60c8a3c55b1717f1d69ddb54043b089037c9e70a78b41746a95cc4a58961985a1954a9645d180fd1585bc9630dabcf16eee8245bfc669dfadc5195f7d64c859122f550a5f1090d8fa86f4b657b9aea965c835c8b64b7cbb5a96be4b5ca35cbb5cb3dc8bdc83dc9bd9dbde49ee5de650d642d644d5e5e235933593b5943594b59531d394269e8b7b94ba2ddd5271a75932bd5fba1a171ecee6ed1cab54920fd1dbe5cff396686fe8f0afdfce4a30f54ed525cb2481962398db4b02e2789cb3cfee2f6057cf6a4df1ae0f1d7b48ac35ec4ba26cc8d5728e96971657212ebdb64e46b8fe915e835f33c4894a42b99039878205d34349f3d7dae3cf5bd85cb84975b8afdf7b93d7f727674a39ac0e4c8049026eab1e5313845d82ba100636d313c672a56bcc3cfe99961cc5229c9f2e0d20b3bde5a447e7b9dde1618d47bc92ff03de845c828c368f6338eee2f72850f559a6829c3b19e565fba28f99823c6b5444f7ac6a3e6964e91adeae779c8c5f8c88334918063fcd17f48340a451a648b570713a5cb4288cad25a11c949bde278f0a0c2904da3b829416982c0b4f2679b643ac3ac2e3799a0a04c810aa69dffc6cd7cd6a02d992fa8cce920c9da4655f8137a52a28458781b776fffe05c3174959d7f743220979b888b3f4b36ffadeb930827fadfaf70790c9a2e55138686bcd774a644a291c69b4ec64b54ec67d8d4694aed575bf50c92f04b7af458c929b524bb9aefd9e2f7a499998451722d2d1e84dff7f927f1b2aaf86ef3ef1a4dbfee4c38a658ba883bee108649a056424e2cd1b818543cc8cfe442f919969e5aab9870f37d098b6c56178dc306794d608224693030487620c1bdd1a37c3d8f38d7eec6e52baa47d412c391cf1ffe16e5ae4bd5f70d79ddd0728f9d90c41ff50fe16b12cb561ec2391afbb6c9a73a080486a63047ee44aad8776359ecec6dc3cef330429e482aebcd0c9b45cd5c23bfe4263a14873c3a368941def0029db5ec39a9e193eb0f912bd290f7cbe41925d8fc78f4621db719324a417568c0871ea98bd3d3183ebab1ca3372c2c86004451aba64813c26f7ceed4b530c9f8ad8de7dc140a48190cf8d89a00fd59e077be11815c9692a7e4e2a9c651aaf2e56a6e6f1ec240c4345503bd10cb9b436c3ef53723a17e697b94e198a4f975509d4cd8b0c110bc23bd1902f5ea0f37150610b13dd2655a3bd6a2587f9d98b0c6593d0cd5f37ded77bc7d1a3376ed1eb6f1eff0a172e2dc25a09e35ffcf4072887f328e9d2c89da4545f8fd1a5050c0d3004a151b87ef15dcc4c06e1b199b1b11f43b340f56288373260c3cc981f1f7ff28f384a930722f9881a0f56558fd5b931f2031195f91b891da2c9cfbc73fb0eb69e7dcdf0e107d83fd95012e99f9a1dedf20e11ba5a94d251a5c7c8d33061bba6422f313e26cf001cbe113819363484ec96e435a98fa2752e3e4dc090a22122276490425c7ae0263dac99de49365989849b81649d993c98966822141c2602f320d9cc28c323c98eaa121d5048a2db12e583211a095d1391814e7a0dd1d358089f5b2411eb0c2b6ce4350cd57eaf1c535aafea996cab53b03ec9d0d0f13092a3f23bad4ab59303eaf5f8884a9dc8f1214ac825a198a9a4455d53c6c895aba8e553af945b1c9313f2495a3fc9c1216eaa83689a5ed6725e37b7d072fed1c9808242b4949947a8c0fde6ab3dd51131c8536b12f99f87df2821170d898168abc4cd2de8c7ccc3a26198ab334a3e4d8fcfa6810ed16540543b22dd7a43d42b13952b1d6a5cf722552ba91993effd219fefe7ef0a092d5d32850b92d2134155c55243353b7b5c38c452d7a39c80b48d6d91789746054b6f4fe3d1da037cf0f65fe0f9fa435cbd748b082ccff721797d7a84bbf77e48e71c57b5525f6e1ea19496b290384629a567484c33c0e49ae989c4f8d91aaa7df13c0ae46692394ad70c29d78f92dccf15cc4e309c597b46d29e08aa5852a9084ba32e3cdb0a638ea8a6d9ac93b44f1399bb3040ee301593b6161d0cd3816e1f1e21c2f3e61a08920a39507d9fec56876a513c18185685b6498665c334647e1acd5ff3b99f192e07f75a5390a5d586c1c110a2a92ceeaccc2a832e066871c4a632d58f93691a50e0c5ce3e96e7177012a10a1d49aa3d90e3b3a892473ca5186466685ba00d927b962f038d7380c4f7defe3aa30e5e07698d1b249d77762378fbddb7f1ecf9177c1e3de5905657ae63ef6003f76e7d805f7efa8f78fbca0de8febbffe9edfbfbeb5fa2c358b65e4c9c7738fc573fbe0ebbd947ce8112788aca946c7f91577d66951bb4b5b346cb6bc690c347d86bc5f4841b661f612b152ec97e9657cf3e448f9285c941d9d815a4ea5181b659c2e2c20ad5890c3c1e723e84f1df6ea52a856b7f5a7634e37c5afa0e434a3d15909c81709da4a221a343c8de0f77f4169bea03a3c21587537d1548ba897791304c6d500b4321fe9c48bc225f82074632a3256131974851a0a9f0daedaafca2cd83e6b4b8a9d8b9a94691e9b1f4a0ad137ebb1de461920ada0688dc5479424f3a243ae89de9bd19534b8cec1fb0ab42d3063da7b4dd940c62ec67a4a2036586120e7e66be476f230fda62a7129723495a523d8b7554dfcef8204d4f8f5889a871fe0a3c431354223f3b2fb708ba1c342a349e3444a2c2bcdca263b1e3563c998546430caee4ec1ca59b181fb090c836f1bf4b2ac338440f2fc99003946f53055e0f2f7062c4834cb64c874392de401e2f53250af6f0205554a299246e866830666787187a9555ee8e46211e1d3a1a9d92922dc29749dd147f5ff28624f727cdb518f692f427123b7ee9f39bad16119d5b254bcae78f85dc44590c2b3c5665f4f2f4ca22c1d7ea0d45a20aff61e5efba88bea67a8e7eb8c82f493f90f0515e07ed5d1af4013c7afe159fa39dd48097c8e1101eefa0fabc6d0a2c66733f5d215f17a592fc94815c92be8803e9536d26c14dd2d965d7613b2c15f7265570ec1a1883c668217208e2f0288ac5e54595813d3b1362786f55dc8d89d76c27bf724a79bd4ab439393a85a70cb5fca4079a54026f93f668d3494a07832a8976c9d3d3b46b2a048d25c334a044c39e113a7133113743ff4c1291c81e46499104e91827c6e7f0c9673f4396eaaf748f68d3d1ae2ecde3d75fbf40965c5983c6d9ef219748231f74d3710fba18a6963147ee677f7707b7c9711549f24bafec76354921c0848dc32a063d6d1a691a27eebf389da7c348675aef27e4b60445f37b1d0a007b7b1b14d76cdc0b6e1aa73806fd34a0e4811eaf3fc2208d568c065ef7c15f4fdf0f477651a077f006273062f929bde911bdcb186c051d0eea19244f72aab66b968cb9189fcfa3dbd8d98f23befb196e5dfb211e70313ce2d9ca7dbe467a02bb5c5625c5ae6f1f13d69180f4fbb0303f87673b3b2429876060ec5aa691989e9dfb4e2bd532e3d33f253bfa3ac9f0de3195251d89391eea76b108dfca059489de04fd9478ac5b8ca71b92a7f3cd17a31358b47d04949cedc1f7de3cac737e4adf39389c4e5563d626ac177e42d09659aa88eb52e1cb908f28aac590aa4125ebe510cb62a5eac5c86d67ff143637495e6ee0064f8cac819e3c4f9b07bf5aeac7ead212435e251e9e320d6bad29619e81c6a0a30a2ee580fa0c760c304cb5d03878f9994e9307652a1a165eb3d9a6a56a05158ad9734467172912ecef60e512559de82606f81c246337cff0c04472746174f495161d8e921dc7a759866166ae31c336c6db22a3d6898ac4004beb8c26b9af0a8de1f4444021a21ad1929e3ff7d55a985ed7a938bd54aea6dacf4a22e7d5d5f1f3b049c2b287cf8f100ab894aa984c97558f2409f7fab2798f21648d28454f05afa41a9abb252423c279f9f3f3e4a32eaf4ca87289e6379fbf799052b94562344bfc19095585cc1e197613f9086744d29eff9f222f6223e2d6f077767a3964896e54dda3acf4b48deacfac4a84147e42da9214a983ce8c86680cd2f88bf77f8048b1ad9a70798d753e972252443bddba9e619c014922a96586595986f18278cce69ee2977a7a1b51c12e65fc0aefb7a578aea571aabed93a76a9fcb6b99726c62728493b55eac261244d67d2e2b587b04e2278766616bfe2b90851f63674e8441d1ef85d01cc8e8fa140b5cee5f262727c16bb6b8f408a90ff565259e2f3b35750e4218fc74e55b1eeee690157281e492f2b49ac3c2d7569d8e930797d07fb075cd3591c1dc6a86c5794619c1deff7c5ca16b27424250a3e7178491aab36713ce3468d99ef63a47a3684bd541d3e49ace57b26a8649b35051ad41ec2a45aa4c4eaedebb7f0e58b232ccd8ce1284b0eb594c5e4c4bc22db67b9e692aaa0f34fa4efcbe12fd4b584e6430847fe1dee5cbe8665d338b4fe0ec3875355566170fb311de89350e1524665401f6dd042ebf6f1f6ca551c66b2aa75eae8a087b1b934baae2b2494383ea08748f26175d1a0d74ba5b32a2fa85aaf536e3dc5c3677bf4501e958ce620981432f3f2ecc4792f6295ddbbbfab8ccfcbd9bd46a282d765471b5d54bb6a6204ccdc2c75d4c27198a82899183269548d580f2fbfb4bcd60ee5d51e43ae92bd0647c087d3173b28ed16b040fea9c745af4bbd8f4ae6ea1155e8f9f77ee25eb5525407e3db2196dc4391ecbf144d4a91afc8c61d1ee01a95883015831abd6f8306a1cecf0c8e91c026816f219234ba6dcad07564359a32cd420f2739141f25680b25de214aa4318650123235b9a93bdcec92c1ada581cbd2920a124a3e8fc046cf58e17deb82e4adb85954ed9ac3cab83ca5d6eeac6eae43043950ea2b5821bf5d75367448c1ab34c8a77a54e47b2ecc06b17794c618c39d834886cfb607bd94b4d038baa43d2ac9ebaa6451f7baaa57759c06269bad202c5d13bf09cbb25ca314ff4dbe646a88965f923867a2011594221bd140d2da17f49217b4c31b0ad030db5417c9a5b92076f9f9cb7301fcfcd31d557fe824af55a74117395f144609a5baf2777e7e96ea8ef0484dae91516a5f252787dfab54ea2a3bb7c790da24c30468eca5a076e2dd65fce6d39fe1ad9b1fe11f7efb25acee4154a9d4ecc5aa18b0757174b4c383749714c3017ef2fe07784e9e6f646414832ef2a10e2a95d2bdb02899da56d8a8f4e6a81459c95d4a886b271570737116a9d43eee5dbdceb39555fbc66773f277f24444691a84ba72cc4a0563c82a2d5e29eb6199073c9ac813e99b91491de3faca25ee872e760fb6187118d0b37ae0349b10091f617a7a9186db4c343da06a207762390a1a6694bf51c1a49b633d5f4493bce6d2e8209fe729df97ca3443f223f250f29a0c8dab3fe5ecac902609875f90275a25daaeab10d21398408968d33f390133f793080a6280874306b50e26e71069810e7efcee7b740c47f8d1ed9bf8cd6fff11368681eb47b417d5180c9e49aced1ce0c33b6fe3d79ffd236edd7a1bbaffe67fb87d3f923822b9ac259f33ae987691cfe7e7161533dfd154704cf54042af93d37df5f77ffb0f5f60605007c7c01d244fff1d89441d56672f53f21d5184b5b433dd61ac2908687b87b2dbdc75d5b9ed8824d6ed6b5730363884dd44060bf400f1425171407a5af0330e28c5cdf9ed5ec45a9284d28bb84e082a1cd093fde8777a474b8f2067dea93c9d04db1daa519ea51595376312f95c327a6980d687299dbe4d02bb708a5eb2aba45a7939cb16680eaa68ece431b73447b89826ef4062bbc94d4defd4a5173bdc8ba8b47ef972a804c3d78758497a11e143c4cb4b2a8193e840211a7af74a470e0bb90c864369f2170d4af955f20e65ae458d1ba52386f226914d5483651a80e7eb11058d55510137a1a408b4e5f089ba23ad56a415058d91a0203142525b66a00820e50ea032a9330ac764a5e1307ea76ece9a36aab4895d1e0e2f0d8a48dc6d4ae315860492b763b399304a5e6f6d27a6c84769712b6bd816232a688d46568c9b891b4d448cd9291ff749019381df85655321170a4478565e8751a751ddffa4f6b0d9ea2b6f121289e266d148844443cdbd90233f313ce454b564d344defff8f1b60adfa47649c86931302af950abed6743939dee71bde5f38f89e4bce405753a1913d452a4b6ca33ea75d5e48e2e430ea92e9306f94f738f888e1ce721967406941050105a99df7799f8331b547ec9317db975a47ed7494a413a154aabd45c41e0a7e1bc45abcf6b47984622e0b22b7aa194895232f7636bff0543d6613a302325ee758c4f8cd1097714da93acb34a31869569e9db44ceb5dc6338162407452182ce5b92fbcc7a275e6c3e55fdc243c111a4130734727c26fcbbc7ed453a9bc41a0d4b8aa4b170b59253254ad785891194d37186e76dd5d1510c93b41191d48b7c8ec890687d9cc8369edc23f13ecafd4975f9cbdfa8a4c5783c8c7a4f47695d83d31372af54bc2347eb2a8fac4452354de79fe1fa4ac7c65a9728bb98c5c6c121861d1d3c597fa050a784682ab9b16781dbed56f58d12a2093f27219ace32dbba2f393a79c683cbd3d7796309d847a82c90200ed082478a75657ca4325e5e9f3f1ea7057ec485f83b9258ff77e5f18badbf6048c130ca4a75a853535f627ce4954c26692c0e54c8e06138123f798e78b9a5e61ab9c8cb64a440ed5b1c502e977a6d2f62199572ce0191d3f8767674a4c80d1468a806517248aa842492356c4c54a92011258c7711f3f4333ad32731f80f4529eb29385a486794cc7efbf2209eef4b7b053786a80eca0f17e9013a7c983cef080dba3132ca508ad0f934927a6388552237238db3a4fa58b807918a7b3a5169b42adceb49ef207a2d238d658df8bd51e93764939789b0bbb3432b728b873aae014d13511a5525867e058620156ec866afaff6b8c8217408b5cd1dc6da5292a2af2a4324afe2ac41352a2bd405fed203f986f198d26a96c8726e7e16ddfc2ebc590f8254a784342d901770d9cdaa8b9d546f5725ac11298f87f1249aa3a1b1280546fb4d26b37c4b5a725070a141eacbe22efe253844299b8add595896e21e529d121747f9fe161e60ab4ae814032219cd261a2a51bd52797a5a9be58de37d66b8ee22204a282709d0a2f8e9545f20adbaae2a3ff4ecf34977f0336a6a045093b1897448f413616aa9a88b02572e36955071f5afdfc6d7249765f69934b8d394c99530cca8356b78ffbd77904f1c93709ee0f3ed209124f724888f3c668e61d9f2988337ae573582d6e0a8aaa7bcba7a8b9f55c3e4d882eacd6d27da991c9782d52ec3ac3d04bc01eed30ea686834446d2e04b4bae4f32c2a93e0e0e2b15acd135f2de9c340a092253bf6a3aef248f92a18853973631e436a5917c70700451729f92e4f72212c10d3ed389e95985a23c7e0fc59e04e6c646f96714e34321d5ac2e4d432f8de20b990adeb935c7882483b1b1106574312476727a24ede9aca6888e0499ce902e0990bcd61a1a04252be72d5875f59a0a396747acd80a578856f3dc636db53e7e9f8514ce30cf5319976fbe45a56d57b56d91b56dc83004ae35fd910a6f75b3b79df79d266e666380ac7e116bc77b6a16d1070b4bfd4dcc10ac4b6bf7bffeea31dc3e1b26a7a86cf08dddbe1c42a131ac252ab0d63ec1e6691df7466fe0fffa7f8be0caaddfe5ba703d890c28273b7db0b5b3b8b6fa36c6b838426c67f349acbc669c4e8221cdcbbd885fc701e5b247243c432aac1970f8a12f18187615e09e5881c51780d9eb5752b61820cd5e0e1ac26fc9fe2ce8ea2a2fc6c0b8db4f0eca66ec57fe4bb7c25a2d87ddfd34ae2f0e11a673d3d6f2b0912c94704fc8f40689c03c3d8c851b3745f8ecb699df1862e988ff9b0c4325f617eec62419dd5237a50aa174ca739b88384c168be28e3aad6ffa54d04339f8beb86383fba09f6f53627ceeed99a9e4d1d313d1d849ce4acbd36aa5a9fa0f7575244725cc90c6ef9ae63931eda2c2d8f519d4a6836441939049a5fa2d199687fc585ebc8a817608c7c7277091b42cd2a3f9c919e975a2b639fa242e11509af79766f8e4e5f71a6da974575d7828015794a12f0977c5cf947051f299c3b1429fe4fd262c7b599697df1125cbc430ce4adec74ab45c22da1295460a5ce5f3df34de474867795f9b59fa62f75401ac84c54d5e932899dffe7c099be5f3255748dac1ca8192dc32038d9a91ebe324c9fe8f0c3586dcd2d44c439568447530ac33f45d5e5e2001bd494fafe3c12479cf70b5d54ef1b93a95470f52ec78ce70e2e2d56bd83cda572d5ac78647f168ff44d403721ee444e85cea752a74fe412210a22eab0fa51c1d0165f3f8e90ef79c59299b32cd4378c65ab5aa5430bb3b480a6207abab57b0cdf3b844093e727a825a43a79a06b6a972daad4e3c3b88609a219514b226f97ca2c91479511736b677303c328680b15f5327290e16a2fc01aa681a46124b53334421651cf15a9d01336254a5ad0ca1e4da6a14945a1a41c55625df7b5c1e3c3b8a4047547c4c3eebdae212394803d6c227b8b0ba8a2f9ebc5019dfd20fccc0fd6935665586b38dfbfaa8d042921cd2dc2c15434640642fe0a540d220611eb06bf0f5c651df00a91c9d5c92e4d5c9b90a161c1ca4676be0abcf1f60271d81cffeb78cf11e62edc523c22a42f1d687848d415cbf64c4a3031e549f1bd1f42ccc814fb176b08935f20c3db2f3bfd9d841ab9a56b942bb49c26a8f4d0d35b3eaa9eaf0c17cf56ceb3be3742e8cf855cfa0b35ec4821a24e57c617659f5b93d25893730b28a7226ac724c460647d1ab52d6254232d1e0687f76480e240f4da2ae1a894926b3b476103273f89d65a52c74097f1d351dca546792bd2c9a7c2092912b858d8974851b5cc375c8abf95e666e628fcd0a3743927abda5baf90509b54b0cc3de1462493b5b692361a547ef32dc9030cf2219c75414546b511e15314a667a1b51c48a7409466e4803616b835ecef94d3e592e4f458786a66260a842b24fc38ddca6b76ae49a0ae9d868ac8aed3aaadab6323ef292b61f0a49fd501a8d3530d8e3e6a3071c0dfa786d3d84ac529fe6c6fffac91708157a14122615696c25d19d2f5654bf1d3bc3df3a1159345ec011d18f549e0bc12c6848daa24ae6b14edb477393c3929d5e78a5dba1cf6d3f0fcb5e96e5657da516c9cd90c6d81349be812b1746f84cabbc17ebf78ef7f1f0df5a7424d23646487ae14c44999c6488277cc99b3e5f54be8afcc9eb95dc2bd54d91c8d0c87d655b7250742141cec3da2647f6feddbfa1d2b343a5768924f21ecf0043c0a1203fdb8d44a5ab7a04fde0ad7bd8264fb840c2f6e516adfff8e563d5a23547435fe481d45968c4db55d53e7588e8f894a197b49d1524afb10d334c15c52d83d9f925d53f3a953ec5d0c02832e48fcc5d31eaa2b866a9fc0589a216506b6b140717f279696c8e887c4d0c5bdb2a3bdac0fd36e9b721433ac541f93e44056cf7e44449e74e3ae462f258d573454441ac910c9e9e40203840bac5ae0a94f5fc2cc9946fd6d3449aa3dcfbc72a5c8a12d5c4c96716a44ca85c50a3a2bedd82359728e2af3eba4b7b4084a37361797c5c95039d668bdf746958c109e9979fbefb2f18763d8285465267f6637cd0d6374092a3936ddb950a36ec1d267c6ee0c5c13ea2e15d182cff869ee3093cbe027990361f203d3ad978adee398e732f1873d6f83d2fa9063bbe7ef21f50935c21d77f8fb5932fd4f4820942c04226a69a7b0b443f88a7304be9f98456d74bc847c6f03be3743eb8fb0ed6779fe0c3f7ff820cfd86eafbd2e2a1f4511a4da44ef1c377ff0227472ff810a55a5d9abde7e01b76c0141cc6e9e13e5ae9ba226ae575697404791e2ebb5446337439a91eab8aece0a52512ba31f84c013829ab161b54806a1a556fa6e7c694fc155155ac24fa94e46e943aa78e4a9a13c35167582349746f0ab10cd283860840008f9d3c867877691d2135415ee7a0f274192a0dc3c17112a28cfbf97d41423d425befc0ef2ae50ff40c891d463443647ec6191e0d1aa019208272d38b9b6562650ddf7e05ec03e82e9ad1ab91bbda2a2984249c403c97c3d4c82049dd6d340c3e55003c5a33e1b70f8e54d2a1c4f21a4dff5ee44bc8dd2c9faf94474876b58445fd124e8dfa7380465842aad0f8206a0c2125bf4688636912e6759bcec3323b9189747d3c9b802a3558c28f490c253cc5678f8fd5100021ad45f57ad3789f50d0a5c866c9dd1264334cc1c3eba6711d1ef8bd9f2ff94532f541753e903e521d49c2d663e4ee2c36d63ec547b73fc2571b7bc8d54b68e70fa93a0e306449917b6be0d2fc25555d7e7d65155f918f4be6eb445b15ec473a249407f0f38f1f908b6bc11f9ac4aa241e765dcad989539da553ddd8dec22c43b2d3689c866409fbe9342e8c0554b8536a9b4832479413d6d982a830e210a72a4dbe642c928cdf6e9027dbd9dd60383485675bbb94c72fa9c45229d3d053e7bb469e533a51d689b89b8600ae5fb844c05b52cdc26412897a64d20683a8b35095ce7865cae0434af1d3682d1826c5b2493e756e64013999b631348927cf9f617ef22222e46a0d1a13f9b829dc589ce4bef623751cc7afbedcc4903784bd709af27a9761580d9178191f5ebb8e2d5ee3c8f03c1eaf6dc34fb4ea31d949ed6c5231ecd0b914f1d37b6f63fdc5c7b871f536744b6f85ee4b8e4e8e9b537ae3264f1e2a15ec6c54c8ed5ba3aa1a7d69f1027efef533782c525d5ea172e525b176821fca880efe297d792533b9dea962f6a24591d9127ec8dcafe9c56b8a841e0c0de2c695ab24e6e270f8e7512f6718a2d5be334ec74eaf5e26397b4c0562767a8144193dec69147bc7f43a33b4bc5b8f78aa85c42b434be2d95532a142f2ae4622cef1b4a7920ecfb29e6b440f994a056daa599a516eee6e958780882a9183419a56b5fb15ed354d03da7a578d5596469fb24925f356f89044aaaf76495e4e961b5c52cce5bfe530bd29c41a96b12dd5cc6b3b0336eb244949243efefaa992424d6e971a6228ef256dbceabdfef4cf4c3405e312b92c2b0ffbfc0adaf4aa0eaa1091f073042e5fc62fb79f609a1c54bbf66ad987434735ed4a00b542023daf34546c92b76828725e8a1d25e1b490cba8ec6157daa43818c9e591e258a9a592c43d096db4cad4f414cf22864910901cfc0a7f6674d8a76abc4e62792a89247ab53a952f932397288a5685c6e0dbbda1cf26a0e669600465e948aa15cbedf3cf3f23adcf6ac9be3ddec7c790c947831325925e591ae5f577b17dd09f29f6877cbe8ba2813ccf8638a76e9f3bfa2af9e03b24749e6aceaed432f17307cd1d861b5112fd5515c2b51826b91d1442e4f01dc4cef37bfc0392956e24794f24ce504d2f45b14435959c4c06f5aad15676b395ebdf50bd755a2d23915a863441928eceacba3ad84c5dd57e46c62645b9d7a582ddef0d2ab42709aa1ed700f70ff7ad708edc43527bd5ab4b074a1b2294f76508e2d4e4241dca63043d6e5e0339303aba8b9363e465026ad69899e19fc1ec4181824e87f443d72825422d2ad3a7141da4b572011b7b9bfcf94192d5514542fb48429b4de4a9eadc9f5c3badb9c0f3aa3bcf175aa26add6e24546d658786b1584c91a08f2060263dc1dfdf3b8ef1779c2a3cfc0e093d72d9745fc8d3f961af82bd821c8618d2e493251e5e5ae87a420d98df55a5112ef80203d0db46f17ced106fdd7d97a88731e0d8082e4c0ee2e3479fd3b333a4c84755be49a254c2caf880520c8e93199263297a262ff64e13e4395c8ac35959b8fa9d713ad28bb8569556133d92d8bb4a468c142869d36b07894632dc2cd9ecb19ab2d06d9193e99811981b45eda47a5e9b24c647c3d8dd48efaf6ff3f14d33045a21bc3d3d22e9eac520a54fdb18bd1c6124812c8d51839c849407408554fd24c49e1a2e287f97104e3563e7a69583283c8d83a4ec9b422cb75b3ae125dfd019b083679bbbca9bcbab9029a8f9582eaba11f3abde381915147d25622e90ef8a756faffee72e3ebdffc8757fa3abb8768140efb8dcde435641cc0c16451715fb2a9a499fdc8904fa14409fb341ac9a86e316c09d26be760cd5855c2a1e4f2a4f37dd256908a4cac18f438e9edabaabfb3873fa30a739bfd5ca554aecc83a457875dda6888a42d098c067a59692a2f0db15285ea2b0984674dc7a4d587d48389211721fdecf3bf435a2f8c629721a0640d2f4ff8941194f02c4d493dccb050ba1aca748c3ff4f3556d92242a129dc8d86cc99ade65b852271738cf43dae5e18ea6c8291a3a0c397a6a2d424459b9741417172e314c4d91eb6b224c023ae4e73a13414b1786552292030a1256bb8708ff180eae4bcf3448a3ea51c5b2663bf938b703f13c552f870147891a1626075449c608a30ea95f7c9708ec34c703cbbdad6f6630bffa0e62e143863015d4b4f67e057b8bd7bb1f46ba5651ad8fdb64284d36aa99dbdc4bbc47c9d65f202714e33d74b8ff73e93056195d7cf9620b2301bf3274ad5a81fbdfa31ae117eba292791417b71fafa806f6553ae5b1518f0a49b9ab313e3c82ba0c5f44956a38f91db71f317282172eaee0e193afd5e493d1a1213cdb4ff21cd27912b4cc4ec960881d8444dca2e0242d4042f4f309f2a7236e2d8687c7b01d2fd240d3a04d2f97ee4b8ece0119f96a26c250c38c35220c2b3dc7f2ca128e4f766960a654e820bd705bf586aa442fc8e6218ecdd09356c9616c1d8731e6a2a7a2f5933c052361574767571fb2b17da2a650bcffee8ff0f583a7244c8bfc7d7a2aa225e9a1fced713a126feab810a2724c12f6a622c7342c7635a3a8c55875617611be531f5c213bac3226a6ad63accb90ae6a458872a5965e524ba5402b72aff47eaeb555ebd3534aa2d2e02b44c8baf9e001dabf66cc5b2681cb87a98674f2ababfaca689421130324705f2459f99f5edfe70ea471b8e49ce8f9ef6f0ab13efbf2735c591e7b4d67c0b27a7f490e7491e8b5da6db0399c0c0f6800b9e1fda37e657ce4e5968db745b450caa1f96552cd211b9e9847327274ded7f9e9fa4304aabe7303949ae920799821c2f4e28ba76b2aa14d92346fdd58a5310f2b03d45313451d1401d2e84689866a948bab52c8494294875b1083aaadfaa6a64a8ca8203291b5f5bc871186d047d1a2caef11eeaaa9f8987e02a381fc8659425c2a6bdf4e203c9b802ad9c91dd54f9a5c0991cacb9f9fa5d170d2a8cb6c744950941a3d41604ea74d193b83d38ca94107c284fbd9d21ff7f9c794b5e5d9499686285ea24c5df8680103e48b92a90451dd048ee36986f656bc7f6341f151efdfbe83471b5186defde4d316f7ecc48843b50b5960a4d0a62334f45a2a8da5a3b5c2aaad318419a651ac21219d17b9dad170990af31cd16206c381a0323e87e9368ec249f27f65cc4c2fab5963e9d4012ecdced308915be47a4b0ff0b659ea1bfb15ec15aecdf4f494dac33323a3a431924ada16a3236847d4cd7826af44840679a79ec1c2f07404863ac5a5a338c5880a9d7e103192cb1d931f560a2ceb4729f4182d5c224ab71149c5d3452c4c4ce1f13acf2c058f2c49796d976a17f765b745c5dae880d7d84487efa925997c994251914aa1d725c99079759ebbba1af91f1d7ef8ce5b2a27e887f7567044f141f2b364c4513c19c3dcf8089626477f379af90f99aef8f6db3f56d31565c6f9f39d5d15b2758b47af846c67a34324647bb8b6a17ea65828bd327349a63b4ab77d69c2b4168e7d679cce49328b1ffde48724c2085fdd1ef234247c1b5aca8183b879f912bd4251f53669e5a47b207793b3058d976a97bb0e57de4a5849a3a19324ad243729bde0e884e264b4451e722a09a91729985306a58c59478db0699cdc906dc5c1c8f114b54ca3262f185548242180ccb7aacadc2a7a6bc941917b7d53f37509b18c240827c7dcdc2036e9437aaee6c8665ee0cf67188b4be3fe97274aa479a0dc6eeb2be1548dd7df2bf6615dcf58e51aedaba655c30b17157cf63ceca3a8330324fd8166af5c8095216c249d25a79657cdddb2b13d3a927195c69fcde529a71e31bc5d4671a340825daf9eb16ce0418a04528725ca91493a25c81c34e1b24c16caf46de479dd01b73487b7f3bfb5eabd47c7e80ca8629d2510966b8dd72610ca3a6688b20ad2aa8304bde4c424a52ff14b9f3f32e0546a5995eb2846afc6f7129e0d52149baa23c1673eece5e70ffef19f2fce44eaa22409529c89201cfd8c03bf79b80eb3734025737a0c35a40b4d657c4648b03ea60a3b1260e8d023df68713304049eed16945822e54483ae613419f2ea18a2d5c8e5d978b025992f594daae761d5f968a83370f3995d9812229b64ba558bfd134af673d3d823c20bc7932a4bbd41a54d460749e6b18c6d3a2df6f7d910050499195f27f1dfa6d8e03188dc5d611815a3b1ede238cd83dfe2ef116509ad216d69e718aa97720c1d65f601792d6da7469e88a89e7c52b4d856ed744fd392beb280a3d318119d435d9b0c3f4c715d45de1f700f937bada92f33a3042315b27a2dd15716b55e3a1207764ef65531f269ba8a99490f0d5b08cd2e7939671d4f361ef07dbd5cafb8323e635e2ab24d869fe49436760fa9e031dc340ca5ef4b8e8ec4675932eb818141d5b7371a3f412276ca43483ba9f3ab8e36555afd2ea1e541ec88d6b3897756df554d87ec941fc5d2c9f80d0f1564a7c38e4fd65e20e4e8e1f6a58b18749390a567c81388fcf4ed55d5baf5d3478ff83bc77d74f1ad713aab13846e443b6b1b1be482aa788b0adaaf3efb1a7796e6f1db2fff910b42eea5a15188054ec2ea8c09759716dd54075923c96e2e58cfcd8d66664c3fc503c550a662150e8706a46e80536b809b305d32796391121a32e890dfbb73758ad794562d49430352c2c04d2a68870f2e4e49d1c5b04b4ac3ca8a27919081c49e56920e85232a2b0423f1969402cc4df53b34fe2ffff094e16b9a847c0f39c2d1e1613e602a5b7aaa294691dea51ff037132564aa051a7aaa0a4986727d4364a5e73ffb2afbea18a01268a2343a449e20f9ff7da6460a9d191fff1dc6f93c7ce9f5a892418bf498015f7ff4f5f67111e9f4be9ada7994e1c2e93d2a9c2def57fa24256fecde95291e3cc9f7d2aa032e84bbd56ce87740acf413092d341471aa1e8218eb44c35e2bd10c8d458710f74d09840acdf1e44afd975d3a01f2779b56a219861419aee5d9e7ffe8de22d6f7528a1c9e1e1529570f977037fc4a89324643eda2d18ffd899f2fdd184d9490a5144432dcf5e421da7c4ca7b11df5be6986445215ef63e85e933959dc23abcb5788180e896a184e918e1091412ae9477c2e868a3297ce4a3ef11441861b6186f3064b57a5734c87c61896c5506ff19979252c67f828a39b2782d8ded9c0e44808bb87cf890816a1a1b42f684e67b1f3fbd3d8dc5bc3d58b32bc2182c5e91964d3c7f0dba5de2f8febe4fe760eb67069e536b6c374a40e86fa5488eb64dca57b83a0d52bab6f31ac3be4cf5cc3c3cd2358ec012a8a75f4f44444836354db521872526a2775123e7a423432862312d2f3133cc73b87d0906312239393dedc1445aecec8a8f2b01432d146306c1c9b40ece8182dc99627aa9a0f12c94bdd25cfb501450c117de6b2715cbf780bd9549c462b8d619eef86cc06e43373309cab96121872d3a8bfff91e7bee4e8ac4e10ed90809a9b5dc14e8c1e9cecbec88552fed02cec337eb4e0382225115dca8c24d2a896c904813d3e70c91baad7abaa98d2c98b8f11ce16687df9a3f87cf39872a11d6bbbfb94e316f19f7efd313d8b1f73b47e552283542af99d713af3131348450f945132eb0947093fbbb5b22ae52f96735c1ccad52e864ad2e49da8cd90aca31d26895ba72c9dd6c2dd23a770734a0d9fab4a0d8a64b69ab9e13d8c6a8b5a55b92e64ab701d1eabe15c9d3988f6932d47c9539c44b24a463f7be9695c44d5901aa5000daa34d492299ed9ba465563cbc4ca3725d02d8cfbd50c723132e275e5cbf44dd2618671f7d944893a8d7985885392ffaa24a5cf8cd0d9abeaa207fc595c6576e79e9f9e239f7df31ebc6d2f32d636cce91642b79791e2e6ecea651a2bf92a8f4f6566bf2e9c1dab3bcfef3f4b02574223c9eda934babc7f435f311293c40da9daa076ffbcf76fd66abeb3fe8a17a3b1fe73afbfc4f4e24c844c928c214909f84fb1173cc483f005c7303be4e7bac830c11cb42627f90c3ae25486323d439095cba8936ed83ca99117a25ac7fddf6de419e6d8b17f9cc2bdab57b01689e09832f52465f52a952e83a63ff3ad431ea748e77d6961021f3fdd564de73788960394f6bf5cdf473e9f51a549769b9d7c6054753ce849590dd5e32c8d85b4cfa869241da5add4d71eb9d0702a4a4cd2224fc6e8830ae0d4f2551c52f5ead2c8488301e9c7fd68778f8a688f2adeac22f38da44eaa7c98d5dc092e2ecfe3c18b350c9178de3ea5d4cf30f43179c5ab4b93d839241543c3e3b292e794de4bd2756170184fd677a8d439707df1223e79bc057fc043674ef5726884c6bd8c9d48938a9a0d7e22eb3d461f512a686546372dad5955eb4b63c3598677759d4335625ba3d2ae1b5aa8dc971c1dc9b65499b5243a2bf904c6495ae52913e7b870579716b1bdbb86bffce85f910c6e2bc65e9a4bcb0481b3bca17b77efa299dc27bab129b828095306cf14d14289b0b08ccbd33e1e7ad09a867090a9616fbbdf47e875e3749244625d730853a31202e6e1a681cccb44085f909e90d776e932d5b2248c4f75aad054f242e4e5b5ba14b751ca9508a393a8491324a995aa91445d9d45f1595265bfcabf499b8de9718f92b2cfd4997a5b0fe7d81c63fa9a220da53e4cc37b3470a34653556e78a3f2d4121a488b8997a7780eb8df9c40f772c825e9ffe4ac31ca10a628936279e8cf264a58c87bbc7d670687444c628424e617436421b19d1925bcdf302912d0ca0398ef55ce91cf8829a0f80c3789fae20855ae17542468cca550c448382e532abb3a830a67dd742412cefae8046e109d9a93551576c9bab43a1a98a8d8346522056149fe1b2360e4c155f76f79f5fea3f4861a5dbf4dadb46d90b485e9e93feefe5dfcb96faf7f2d977ac508fdb9d6df2e29db3d9534add431c9bda98c9855532f91c7be2267566fcbbf934ab87b9de1450281e030ea997d4c0d8de2c1ceb1aa39ecb60591a5d4d0bd321dedd59569f29869b843523204c5bb7df6f8090fb55975f71c1d1d23822ea3c06732ee21a2f68e422319fce51a9fad1701aa4ca256cd870614b53031368d631a5151ab4cba8e52ab9ae5b02291638c4c24ec2a12b1db5d011c1f3c45b84052da6e61685953fdcea5fe2a9dcf323a499266009eeec7f8fcad4a259ba73192d05c8a5ca58f74247c0aa745ab3a99fa193dc8140e4957b83837491eb0ae00c14654063eac12b5543139c3334dd0b0343ba81217a58037994ea80683abcb936a8de606fd3839588377688e36a4841fdcbc8c3da2c3725383177b47b4311e85241d44f5bac94bb82f393a3b09999298e7662a21ca10ab49a67d666a16d9c49e22888594dcde5957635aa595a434ed97bca19248c3942ef70f0e60d777cfe757c7a4488fb2df08a1e8a8a7abea662e2fafe2d3076bd05462bcc9a6ca0dbab27aefbbe3747808ea92b21ddfc5f2cc124ea2515503f3ece854254205c8210d3c25efc330495a7a5af860f43632f094d26b2495f3c126c6a8eeb478187d0cdbace33e147ebb870ebfd76b7595375f5d1c66cc2c13a474df190963b5f5db89848f62df19092333c7eb244fe5b0750c1635dac4c16bfebe043a17b98e66afdff387a04f855cb5121501aa62511e22c97d11654dc28374aa84eb572778cf59e5d145959381738bfe2b380d4551dbce11713a707a42ee860fdd48a25fc398db4ddeaac5f5b7e67ab0bfb7803a89685b9cf71ba4f7e14689506410e5e9e2cc3c1ebdd8a6aa348617eb5fe0926d5cd5aed978ddd97c5d3de73eefd353c827ff3df7df335201147a863c4c225b26f1ca509edfcf72d3fda1f7ffc78ee4f9e7acbf34b3ef9d35d027192e4a66f0720847dcb3baf2296e5eb9a2bc752a13877f685c11c392e1dca160b2cfcf7efbd2b27abf13fe7b55e3429e4640120d0fe20de468e41d34ea99589aea551c06a2330d7f6f647401e1f081aa656c31cc7290447707c711dddf550999cb3394b28f76955a257db285f897f3542507f4b25a25d9d0676a5982824a321d8795bc9154b8cbe849e15d572fafa2950d13f95954d2a18e5483c13942eaa4aa26e32e8cb818e574707986089f86e670ff198514729afcd9b1b92522f0240ab403165d43a5c7048766108f4718925991384a90c7a14360e879bcb38358917bcd48caa3655099d3ad6a8adce480ea74f1d5d61ea57b23c6c8d9eef2ec7ac9f71e9e1ca88ce9eb0be344e71b68d000dde6d9fcaf46427f70e72e76c8e9c8cf880c2f496ee5aaf19c84f68c2faadc20af4dfb8a0a964c46112975716376949c45128381a09a8725377c6df58aeaa6bfb8320bdd4e9e50b2aa5080d62644ac0a1418879ad5b81013c3acf61015b0620ef94771c26d826e02253dd53519d372c810ab56ee905f309cab33d9524b8d844966eb2a052148be264f82af2e6d17b255d520ab248dbbfc3672186e256b3b9c5655452e42e99b12e886832e35ee59b26073b97ec8e5190ac24422a321650adf4c94309975aa8582d76ba367f12249e3240a901484468663eafdb43927aa52e4582892a7225a4d923321019b273f20931f32130c334f2bd0f3c0d6e88e7b15726434500e92d33afedd6577a8a6e3837e191497c724a1bd202e9b55ba3f4a5d474fa11a411a6d9176f9e79befbfa764733bd1a2559417128d9239cde545add1afb993702744825e87d7dfbf409297d73fe8d4a241595cfa7b37e9a064c8614df3e7597fb91fc9ee96ae8a661916c0eb582bef13296be0e67d2c525d1585d763d1be92e1fcc5d6914a90953e4a99d83e5526138e7950b58d382e2cad32dc882b0457cde755af6c83e41df1bdf5ae21727aa416ea2d2ab773989a5cc1e3670f1089e588b29b58b8fe168e763728aa549511384a17542952a926b3b44e5586fce8c838c3b2937e7a016db2240f4a5ff1618a2e04af70f942aa0fb48c308a44a28a2249f0dc480e51baa6e53396a4c320d7b54b6aa582b999053cdbd83b2f725dbaf11ed2d16322c514f77a1c6fdffd2185100b52dc23e856548996913c5687e7a7c9b5ebd68aaa215a99cffaea85451c1f3ea3ba56a78390c2f1431cd2099cf28ce7a83c7f3b635aa6ae0e0d328ac92695dc2fd517bac52badfb666710c794d113d9a29ad858efea28f30da1c5cd28a50f2bcbd755187474748895a5cbd8da5dc7058162d9081a463746075db4e25bf8e8bdbfc2e71b3bfcc03d12a92794d24b88d13346e83d96afdcc2c3670f15cb5e6e92ebc8c7a97ee810a5873b6b8e35410564c01f50895887f11cbd1a25425af393645e55be4bff1fb25c345819e8f9f3c1d161353f5b6beaf39883b6102c1a3b777f573510b346a9602535aa69b7c8a692d92007dee364ec2a64a8b8633ee4378d84112334344a6585b1703a95c7f0f8100f6f01a90251206172229650d9cff904c344af1d3e12a2af4ba0f370b34b1710c94a15e95942aee9909d1b314f42b0723e51e24d13452b0e7258f92e920fcb84ed44018cc3c7063d28c994502a115d5d8f6a4703b62abd51a08246524744c850a5a947a06745b9cb6b1aa482417e63c0e55799b56ebb9b872a0557d6a072690a5475643a698d875f2a3de57aa5b78e1cda9747e2c8b59ddd7f86fc882c61ad5c53f3d4046928bdaedb55c98542640a676493595ed0bcf6fe25ffe96cfd2dfc9d2c29ca1eaf530c9f8904bd6405cbd48bd77dfe1fbdfe520bd6ed1708bb1da2b0b5b0a99516211a3a48a39a81754a03e9614854c91d63976184f4e896ea71692d334eb2b65be5c1e426cc72ff051c36f87c54cf2843cf12a1b8896465fcb1fe9b5ebc1d92afd9381f92aeabf2de9ebc7884d1d0388c94ed2d249c3552ea922387323acf90a9a840c022a38e83931dbc77e703461311a2dc806ae4275d042a9522ae5ebd8b83e33dac5ebc4d077f4cb44ed597e8edd2c2b252c02404bb77eb231ae03c0fff252a5c49659c64928534b9afd68c345029d53dd1353c83ae24a4d2b2499d56801cebc60eefd9e1218820fd92e0beebe58846e910b45d2ac1354c92a8f67988ccf231a5ce9589648be40bc500e9192efa8627b8ae55020a0306a766f0f5a7ff9e727d418d09da88e7b147c52de0d0ab2e8ca23fe8566e18eec3e486dfe7c7ca14a119c9cbd5cb5755a83412f4a85944122a75bb356418f7fe2921dad5192fbe5edb438824e959883644365e6a64a450f2ac39d66122a5babfc9ef48ef5b69d62573c18af466dfeeffbc5075913c6408c58d55d7f63b1c560987f532e1b4d983ee1b9253c37853cb4512cec7e170c1ef1d5495ed43241dfd54fc8e8e22e72369446afff648183d3da09981b48c84118324636144ca960effcb7cc0315eafbc9af438491aa9b3043a29161da67292a0a42c8592c2af4941a4940948c825e319ea8cf76512c9b7a74f7c3b6fa8b6a841d7a325e1a7a35c6b57096791d3b86adf61a37cefe4e16fb4a4d89432f6f519145a29b4ed1e3c0d6fc343ce2d52a01241a02edc88ad69469507406ac862329b296e54f7dfaf4ad7f565ef864cb030f1feb53458660cf91de723715ebeff859515861e19f5bbf4213cec0c4978503c4425921d2e75460d1a3091f4a5f5c6ebee3f536ef7d79ffb476abb1a34b05d3e9f01afb9df9c8c1b7b90c6a505c3773eff8f5d7f49b1e8a9bc262a8e5409c5b03669b0c51b075c747e448dd2782c4e47bcb872130f5f1cd2c004e0d3b470797111c56c82fc4508568b9387aaacfa1aef6eec53c512e4d8243f13c1f51beff4dbc85001cbd201b88201d592632838a938556544483b0897d9e0c134eb7b54d78a3059fd8a4b951eccb526394aeee31172291d5eaf847c9232210ae629439ad9a939658466c647199e27d0344867866dae711d776fbe8b67fbc738380df37a632a444c93474c904f9c5ab84803b381f951371561517fd3dc6a75a244032e90c4169e5747f4ebf38a1dd8838dc63295afc140c4b5b2344dfe67111b1b8ffb2d56b9960542b0f98525b4ab190c920fb3d9bd68d7f2b834c7d04a463473cf3cdf3ac1e5abf7f078635b857017c7a8a86b2551b48e006913dd8df743f7a5a5a9844a6b5ccc97f375ccbcf9f350c9aec7d4c4e29f14a24997b66f8768b54601d72efc185f3effeabc39d6dbf7ee61828468a7996508774ff52f76eb8833a9b0bddcfff9669212a88e44b1d9cd8342522f4f0faeefb7536811094863729fddc9cda851392d12ff1bb869056148037c37174a4dd8d4ea5115cee79b9134122288b2f27d2369a4105314142b11d6f32daa82e63e5fd495a24b830913441af96203a72411254b548c9a54a7cb5c06c9dcf670934b2811a34220d9c6d21f4247225552dc83a1efe60d257565857ee44b5e0ed8cef386b2f912cac5223ce4cf5ae418d6cd39a2860a1617afe3e0708d04a8952a4a82cf53e46ca22c92bcbaa60efee50968e8540e2261866083eafeedbc7f411a52695eeff09a896a4203360488b4a4c5e96bef7f7b57e53149a6b44c0fe94911ae8924388d8e181cc9f89670470a5185cc92fb77f1709ab9f6e9ac54ac775422a6890e49c23ed9a0468346a99e92f211f05a7970bd6a78dff63f73fda56858884f19c364e4f5b605591151957c755c9c9ea3f4fd8c0ef582226a3f58bdc890755025de4a0de0f39d3d2c4f8ee1985c8d9eeb2f073555d7138949f3ff1a64ae5e21d75279537622a5cd2d69b2e72251dc55e8438a53ed2478c379ee2fcad59b7b2f54bedbda460181014bbf0d8bd1a11ad1cf8cf8e974b2248b97f0f4c51e4365a71a4f25219af4a9cee773af0dd1c646275452ec9b42b4a551275eec8631606e9f87681ed7201e3e2147e3ea6183f764e5faa6eb8286ea88954812335c178167c84bce311657463d4fa7974d5779d66a8897752a75214572ba903ae6d9f1f0fa4e55ab905f3e7eaeead92cdcdbb3b3b318a352be1f4f92dca611db7e8ceb8ca472850c74ffe3fffc2fee3fdfdb54c6e2fa7c888e69006b2f3670f3d66dc6b611865e767e680efb8472a7dc34f7aedcc0b3b52f5553ee074f3f571b6f62745a35457afaf40137603f7f449a582fcdcc9d37383b4dc648484f90acde527c8ddcfc562286492a05672ad81049ab4f1f3f224af1f0507293c6b63133b94842bbf74affe750895e71804a02959d2a8d63d340d2a12afdcbb9c11a4698da06a5ae488378e9d667d41b555f676979202d3244bd2b32ee164465d349462c54d8e1e0e17b5959717143895158dbcbab624dc910965215559241d86a9744451e26c5643046ce5079e8f073be5d83343746a5835e3c127fb5625be6699dbda475e9b7278a0a896abb6557e8e7cc0099341645e2ea5556b24d85641eaa64ad6e15f6028fc70c0f4e39cbc32c84b296cf6f00a18bf49e7e1fec011f2a4f22aa4380f5c228b2d90c466bb657eeff9424b834982b73d33a0446873c78b1fffdf7afc21a49c36fd4cf8d90b4ec903c2ae1af6679ff83dfdcbf466581eb897a64dc8d59f58216495d43c8a757e381f8efdf1808278d8b3fe0c0fa41e19fb5fe33230cb9791d29863bc24b89c193a6f56d9a93c577dfe121fca542e003443bc64e4d713e2794d4a55ead4a2364a6d30ad2e0b788cc9e1f6594f43e314622391c56f94512f42dcf4e518edfe71e1f46a66ec46ef8047e4b8f127c8908ab4715ac865b37aef3df1398a5ba9b4d36303064e4817c1bb95216093e733156bb0711d51ac6485e41862cc8e459e7d0940ad15c56a9319cfa9342b47102896f8768cd5689e7444fda494782384405ac4101e40a1eaeeff5d789df37eb5a38200fea1960c4e0346287d2f9c5954b3865fc6fa5f296279810d54f5abd9c66f3a4069c6aae60ba525313530579ee1e1ea8c866997b49464365680093a9386e5ffd6be87ef2b7abf753890db2f1b358dfdc60f85186a5dba2e7b1219ac9aba9a3e20564e09d1484d64a897e0cedf4938d3728986533b655b15db9e1424f4baf4bf865b00d52558ba98d16a717fee0adbfc0170f7e49b2d446222b4b29fd067c0c9d9e9d9c9e37c7aa52fe9f0a0d521a77be3272f9e32f1fbdd2ffb9b35f86509ce958067612b7a7758658bd6e7f630a5427c4d311d2caa402f9bb842cc209499985700bd2dd50351863d8e0613cfac78ca451b3cd7988a4f6489a7149a3a597b399a52a59d1e13ae94f4ca85968f4e35d4adc9daef40815b9598395abd790c9a608a9932fb52e7d75a2a8324c3b75dcf00c539227a96e689224b5aa89b2e21197471d2a457efb901ed22055df06ec34d23c281a4850cadb849517631175e6dfbd406d33491590069010ffa89bc4c2f808dc799cdfbfcc6097f29206af559aa04bebd5d3645995a5fcfefbd72baecc2af5b892f0c775100e471ac54b91a7dc7fbbddef16204f25303cc230a0a27a414b1e90bc2754ff1ee9f5a355cdc49a0c0dc2b1f23f7bfdcb0cc925f95132dce5dfa518593ebf40cfbda98be3e2fc1cf7f93646c7e66808b55c97618c33fcd98fa71552763a1d38223d10189b419b6198ceecc222d75da6e84ad2642b17a66830ac8ccff3179bb87ee12a115919ab97ae619394463018c4189d4883ca96c73589f8711432dc2648c71da6135e21f2da659865a1a15b9e1880dee2a521da27fd7011e1b8d44d92c7a3710953c94c51615c5de4cfef3e479034c68bada7aa50752838a29289b737d7e9e0a443a50ef592740c9d5044b4000999ba11181822597da8383987cd4ba27c5075496871cf8d928b6a316219a401371288089ff6f6cd5be811695d22227b448071f5f22585b42287dbd013f14837cb0b532164189d38b535f8a61728b5ef2b254fe47c99edf6cec579aa6341356bcc4a03246b7df5eadb7844e55c67f06fdd973a1399e268b3b955cdccfb6ffd257678238bab973145823949eb3bc1837942f257666a5f653c7c20a35ec9b29b647c0d0dcaf0c235946801a5535da55585a19ec6c4c48aaa32eed020d96db2617458b87c8b0f6017c18939fceab3472a81f1ac3956b8a85323469e1f255f19b91c22e9f572ffe7a9b6831267132513c30481790c2da4f834ab6ba24df8edb79a108b9caa8ce6864c76a78b97be3112c2497d97b45695ee86167248fa46f58f1a49331cb0a926603b271965ccaa0c4fac0c75ceb299dbd5ca1b4b34c42b37bee93b964a243046e327858bdfae02fff644d1093e03e984eae63d2aa3c2c36e360ae15950e191e4c5145a3595af139af4ab6b16b427065946dcf8a938612383311e901c11a966c48cd095791c5381199431d3e4b6a429bdd44809ce2ac8481c5e93ac954cd108f9cc0a4178dcdf7fffea70333c309ba54e8e42c6f4c02bf76f36cac4d1be602988d6ae17e4d356cfc72d897292f448a790215f211e5dc2b67feefa8788a012b19c52f73aca49490755064da50a4d39d766d9aefe9e2037297941d1789814018d0df9cbae7433200a9056a992bfb272e1124eb6d719e2d410a59ceda01820dd3493a50662994a7f8ccd4b21d6d38328847992a2612181b7694c33e4ae24689404db7ce6183314522ce4607399434c1355493a4b9b7bd2d495410e1624697062f153351964f5d22a9143128d6a5681002779be4c4daf4423aba1837d8a3fb5a643f5e152b596161f17ba3f5c31cdcfbd79e56d462f5fa12c7d4ceb050ccdade0e0c567bc079d74b5c32943a24cb5093fc9ea46cf8422f7974441164dfd3c445b0f5391e65e953499216f9060c1a84aa774b5a46ad53a73e132d65fbcc09d457291c96352211678fdc3d8d87c8a5c3ea312606b3cf321f24b2e2339a04bf75cf70df4caab976e231e8bc2e41d5119ce5373d348915fd8393a3acf703668da84f7097223a35898bb4443c307ce073f313840b9ce842a15a9bbefdcc1e3a74f54aa7a9b2a98246b1dc844ca4653e50935241f5366704b3af8d4345cddd27973ac85b93955402992e5d641186172207e5ee8990a76d6ff396cab63a84826800a0fd96514f8f772805e9492be36a047365c8661d0a26abda468d44ecf52a217340a24e7e195beced25ad5428f299331dc0c034501aaf01a4f19ea38c71748a41a60a3d7902e88920c27b331f7a3653579c0c2b5b87e715c4dfd7cba47799c0b7f96cd1cf239dea8660927224d9ace780b370f6a8b87e67555e02f93a8d2ed2ec90d2e3da77d444b0d1afe9eb4c820e7e17398d4e48e74bd6f802c0e1a6269ae264df979b1c1a16154ffe950191f79e54d447f891a2aa63263f73a82158b9ad965e3b5483a7f45a013f98826df4f654593b7119462d4fef3ef5f423569e2263d6ea439bd32329abe942fc847eab46428ab7d748e0a6b5a75209030ea9fb3fed2644ed05d51daa8d00055ac7534cce4bada16c555fdb6704245360cdfd42a1557bbea882861caf6e1063fc78699d96586fbe47f0e1e1395a4191235e07478b1323b89679bfb4a95958af501eeab451aa83ee13c4212b94365b2039737a48a2f4b24db6786c8df3124ae5364b1068749b8a789ac1a4827b668bc0d3889eef32c385452f00d1a8ba3c37d4ccecf6394f794295630c4671d270d22b5d58b53931422c23cccd256c4a888ecc1a965254c0808a8b5eb74ae390c0dcf92cbcaa95c26abb5efd4c6e72e20133b818f672b1d3b8023388316859ae0480841470f873169cf5b42303044435852fc699052be14b82e5ebc866621c92881820337453a95c6bdcb732a6268d070ee1cc5e1d0e61902de839144bf14ab4b970b2bc33211ab0c817158b926473b4fb0769c87ce77d17e5f6372c2d0ae31ae1da6aab0a338928d48ee8d19ce92e3219d11572696f0e59367f8f0ad3bf8cdd75f7303c46820ec08113dac4733c8553b0aca461369d55c299aadc3a3a9e2282759b184d4c2ea1f6f52caf7abe65817270619bfc6b8598aaac8d04663232a9890d6dfeeff2c61585157416fd64e6fcf8343e2b440832984aa7ed040c3cfcf323354d14a26b351e57c1864ac0837fd00af49468cf87ca3709b1aaf4d8693644449447c5d32dcb0bbdf3e540afa0c9427b384af67d9cc833eeb1bd5acb32a78f1660204ea525756ae7fa775692e5b563d9a6596bac32a86c8a10c90f4201223d4a407d1d388051d7db95750d09901ca1cd3e8ffe022b85894472b2a27c5d036c3a3edb777cd25fb93198eb419c5b55cb149e74b83ca84b6d05bc5c893f4e7d97754498634c1978a753bc39d0122907fcefdeb34fd89a61ad5675aab909074467452a295dc92b1c941722ff9df9b8cf8fb3edfe7f7a8c24e51bb04d588fc9ea78891d657d0a562d5a335b334cc5c9f0e066e4937cd0cf93ea24a48194616abcb17e8f8a6f1e5d3173ca463481e6fe1220f5e8f487e68680c4e726ebf7db6890f6f5ec4b0df4d074727e7b012f91c11d918b90789e36944f2c50c89ff9aea7f3c180c61fb38025db901eaac581e195464adc1494a41a6fa724de6e72f297ec4c8b048329c47a972652b154ae9a7e719ce062dc39a4a46cdd89a1a9fa7a1d1aa64cc90cfc310dda88a592f5fbb84cded6d0c5285ecb6a5256c904a68434dc9904ea402029a44c23572bbf3a45e1ce424770808b454cb0e18c50c8546555996a543eeaf5eea233893f4c9ee31644c629c865f26eeced35e4c8d0ee2970f9f63717a8262c800e9981eae5045dfdd79812a1dd96386a477eebcc7e7e2c70bd22d935ea352ca9bf50a42d38bd0ca5ce8e150105fef1ef63768db0afbd0a2cad27439dd6ac09d38c2edfd6d2a8d0c550647d5b818bbcda37e7e6a90882471ccc3d0c19599119468c5dd5ebfda5f1d95061ec6e0f010e6f8733fb975596547cb676672f40ae15df53395d82ec9ecfe6192817b235e7ab8795aca5e060db2eb430c5d8ea37db9b544c47240a2347ed38652288b7c234585aca13289b55a031c847ebd7e4f7625293ab5547f0813a5964816b0c3cf79f17c0fa97207bff8a75fa89f93f6143b8724d98fe3eaef928c282f2105a52e4cb89168a9833d4268e1046424cde8ec28cc52ab65e8cf0df7bbad8a5c3e9b653e3e3ea0ea71ced4aced9314c9752b3a3ce84eb314c2f60d8297e18390a6c24f39bf9911a637f407f5596d0c3d181ab549f0adcc07c8a7d47f475a73c3ecec9eaaaf72a78fa8da7972394481c2f7781627a8785855b297b44d39a5773aecf52bb4eb062110ad4a4e15eac5cc8d2de36c444ed7d2107b288f9a4c66a550497a85f49a4954fff9f7efe17f8bf111632b09978aa1a391d091ff9296aa8968ea7cfda597b1acbfacfd1fbafe3227adde90419724a269a4f422523004cd90eb49d21857295634f895a4213192769082e211cafce6c012b6c2396c9ee6f1e1d555721d9f62caefc5e2881b21925aa54689fc27c39b1a151e86b3eb5b4ff037efbe875f7cf51c2f8e93386028eba590e296015d74b04b4b9714cafde90fff0a65ad9d0ad51812325fcbc5907066410dcdcc12c964dafd6bcfd449206b6c0cc952989e1c27c288a0d369e101c9e09ddd3daa9acbf0306413672061a75d4648a752f8fcabdf6058b2e24f63aa71fec1de01459418c3480a403cd347698685897e4e9ba4ac9729584832622b1d559fa93e9bd720d722d724d726d728d72ad72cd72ef720f722f724f726f728f72af72cf72e6b206b216b226b236b246b256b266b276b286b296b2a6b2b6b2c6b2d6b2e6baf1b5b6ede2f33169d1d1ec651f89016b24d6b364be2294beb5dc4ad8b17f068ff14effee0af11a65a2603ef2b3a862ec49e353eecb5cd3d2408d7ec1eaa67540f2cee217a1886745323980cfa893eaa0ca58af012a23e253c1b9d5946ec780717972ea2a4b7c3373845d29b1c485642313f89ecaaaa9f71d18889fc28ea8aa095d5e539bcd8a42ae797fec3a78a43902991e3e333489e46547fdf160f54339383951edf61e4069676a57a1eb48e28467cd8752167893052599286034852ee1499f6e564b8b364c4aacc67423f19b149c4f772329eaa0e2f9479d8aa4aa5d09ca5f7cb7b93e07d9d9a25af6f97241c93801ef498bfd3bab4244887df4f10c5483bd4b346ebabcb43386088d0e6bad74c4d34b9b764dc4cdd5c55fd73c8d9aa06e44234ebf9a0ad549edaf4041d6b0dd6210bb45e42625b11796b4bd502c9e1f4a474aac853c294af9b3be84dfbb06fc8604f9fc1708d8a068da51880c64bc9807feafd4b533369ad2b2527027f2461ed6c22aabcaf84a27692732f27834adecf1fbafe4635084c9ad0b7144722fd6f620c794fa5af8ea60b37438048af8c0a79a76963806b9ac4a7994da42992bca92384aa70d75a50ec78d43a489e54d73480237e4f3a425c5fb889323fc74c7277e7288c8ecea2a8060698f8fcf9167c2699ab3e03b79548b45b27214f15eaf2bcea4ffdf0f90bf297558c91a436d99d58a75a3446747e9cae7d6f86b3dff76a97c4d6375d12db0cb98254e51ac52c516080f74eb4cbfb90f62432252340556e716aea7c4a462219e11aa4b044a3b73c3789032add7e1a98490286f1c100ca0409cff7a218f6316c648827e3b98ad516064726d1ad7470797e15f9dc11c2f99c1a245aa3fa2a9d28cb5c2beaf7382091ded5d2d9d90802f89865dc73476745823c96acb974c3502198e431582c0e65e5cac2cf942b845923e7dc8d940358097785bb91ea78e17a84b82b12ae2f2f2ff16175b1b4bca024779d4e083d7a6692c0515ad6008d4996c4709a177e736e0a85c4890ac1a23438a2e668081f4f6808ae5cb94eeee829e616e661a162252a58bdd91f55a3e4c98d2325854afa77ab92a212b08847eb094c8e0ea0ad7712f2135e13e30f5f5a42f3b7820aaa8ab4ede9fa133a64b6fa74488fed83045190cc0d275a927956443fe7c9706f4846f4f11e067df6f364bc2cafdde9b7f1d0935ba0e74a919f3acb66eeb59baf55b3e4900c0dd89492a3efb5f8c5cd4c6c2ee50f7fa86c2f73ceb5326a889edfd635aabe363ebe67834e43a6aa4a08265f9274a923586a59782849fea708e3a5d1fd4932c143c4f73048721ff9a53ce176c1a406ca35e821c3fa04dc1313481f9344edd690342570c134ac38983fd7fd4b18266193101532d543c6340b8f586ff6e57551b9fe94f50f0ddabff91ca8ae0a32e247f658a65ceb7351e49d7c0cab473b6e2ce9bce7ebaf997362d8a6c19b3a4218a808b7cd0368521d9262d0c8e901c58a2e0a44dd76cf10f6b71ee0285f562158fd9b62503db9ab371583bedc32758c0ebaca7f2fa663a81628950f04e85ca324ac3bdcd7e3145af2aa86ecc2dc0c3623295cbdfd2e12e103b5d7a54b6193c1b2287bbbe44b3354142d0ce7760f4f6172f8f9797a2c8c0410a2c33690441692dccd3db6c5b51aa49a973e25e820d09031ce527ff6ab47cf291a8de3d90e25780343a78d2d350da65ecbab644809f30aa460844795315a9b94f873c93d580618ae91bc36d3b047e3c70a9d352a49d5745fba6998fd936a8cd6fcf8984a645e9e9c505d30ced65cf72ffff5c2fd5aad442d9f61172ffa73c2be1237c3cbdc4d951ef98cbb9182b989f171659d45556a5179f219a4f29ad6bdaac14fee5e45818cfef5a565cc2d5fc486ccba0ed2db84c32848421aa1d91ca5c1429a215fae8c2d5a77490ebcb7701989c8163d5c193eb70707aa05ec186667974874a570898a9c7fd08b8dad67fcfc69fcecd37eaed29317dbaab3a04c96144f290976135da21e870bd30117370af86035f43c443ff40c491e8a093e1899e565a4525324792643dafe98644419de27353f72ff75927792cf73f6b3fbe430dea46605fd5275cedb663c9ea4b75fbe7805ba76e58db2fdc4e4027c2402b3e47c16562e43a6104a1cdfa6322d458d7ebf55854d7599884124646f1a6098b0a39aa207fdbb6554a8261ac8dd54194215e9e16b8d3ad72ac0eb225090a1c5544274710bb91f1bafd1485e28ac3af449c66d99218bc7e1c6823ef067bfff021d52854caa83217e4712ecb47d69de4ee9b6dd7cf3fa4bba817cbec860e50ad5141a01e90124cdd29ae4c18c0cfd44d1abd300e58a3585824c5c57bbc6a0669c8db89c30f1b3f22fadffc0a24d951fbca923448648385f6ba896167b079bf8e1bb7fa51a85c5a89ad97a15950e21c5a092b373fd1a095a46137afd9b8b4165a8eee2d80022f9064ea83c3b8874a4513baf90c850c644cfa9867b55fea04ca639e36ece269c0a77d331fb68182aaa4b6299f7295d127bb474d3d393aa9a5e461f4b1b8fe3644a0d2a14ee4c9ac0e5b9e62f0f2a4c11b9a54842b70c1e2c8f0754183ee2d193cb2da8a25d69b923ce520088f0840612d2732b57f1e8c953d52657ca7fc44026e533029378e7da2d46290fb17ae12a8e62711aa01ecf7a488dd1f2f04c4bd37c995d37ce50ed6ccd756fff74fc7e321341db1ec0e77ce3f7ae5e565346476934a4e39e188ebf7eeb264e189e9d198e53221f49363a4b0cd453be1fe7cfc74f3779985d543aaa78bc73a0fa3f3f7af60c9353b324a675b4e473543a3a8adba0ca88f1e151c4cafdc9a85bcfbe3e9f8c5aab1660f5cfbd3219351b3fe4810b60ff785b4d46ad65d2d8937a3342d293c809197983ea7227b9079a481b26971d7e929f6e5b3fd6f55835bc6e9d1aa12cff2283040d84ff228b5b4d9a3f2a1951fad92854d5ee774e7c399b5950d89bd4ac6ab5ad388ab39204ad14fb0959fa3d9d15bfddbc5e67ab91e711a34335861b5d06da9d19a0baccb8cff660fdeb0554ff7e1375575da5e7cb548d89a9516ee4a6ea0f2361c02095a6ed9338866a5e75ff9feb1ea97b929620160617239131d4f65a7099feebdcbf6af54a7423aa96b47a95a47079afef5bffda3773d6c4a82aceabdd6f9f2bbc92f42d9282d3123756d9dc438bc4b0366041cd4ac734d88439637aedfaefb68e546fe6377584181b9e64c87ea0c403c9a6de2317aa23893a3ee087a428b97c232a62905aa7e3931312fe9ddf5b0c2a19ce9a5a5a1583ea6830c74786d4fcb0f1b1493531f61979d32a43ac218653c96c5e4d0e91721627eae7134e559744ae474375496cc14d19de00e9e1aec15b979768984ed590071954787092381f542845a49a56e57c50a1523a497b845394d04948afed1d53adb3424f093f918aab514036eeaf782a41f46ec45e34c188c4a6d6de171ca7d0d4c262c84b452f8383a36d95142b53e36a4474b3530bb41b3b6a8c961401974b59d555a056489fafb9f634b28389d159383ba57e32185fd72f5fc47ffccda724131db83a3526450470fb0655e3f04b976eaa9fb9bd3c794e886e6e6ef689408f4f3d203b63be4b5434a2bb5f61665003ff80077bdc4cbf7efc143d92d7f2990cc75573281b4304692df02216c32f3ff97b983cc3e8d943e855c81dec3d5764b8344493d06f6b7b1df681451ca62a78ffbdbfc4b4cb839b37aec12c7d6218db7464ca83f445912e81f4a9b178e6fc1ae5bffb75401ac5af04037ee555b4344222cdb7558e488f1eaa4568ec3cffbd243dd66f1ff609f08101979a376ed2f45ba4b6c95dddbe32f9cacfeaf04da746be1e6f451882d45128550841073033e9e501d3a966e83280af3ff1d2ac2466e9779ccbf5798fababe3aa3fb27cffe34f3e3e7fff939d13d4c61a78809cfabbf4c95195dd15adca0d929764a68bf1315ea61a39c2674729b9c74357cd9570894a852898cba3c330378b6ad4ced9fdcbcb37388bf9fc28c6d21e7af5a6aacecfb775f8f841185bb68d3febfdcb840aa9806ff3610877d3e9697eeffa7b7de4a4444013e542781ffece85f9e17eff6ede77b10565005b1e2aa1934482b634ba1e1a1c2a5fa50b1518ad0cd36848e2b33964170bd81c8850c0002696eea93f7534642b4b57b81f23f8eb1ffead4259625c4d16995b4714c3837aefde074a195a5cbaaa64fc2ef78db597c3d5d929f82d50a903efddfb894aa6fdc1adeb2ae5e0ec3547193e972e101dd1b0538e1fa2f43f3a32ac0625b6882ae3f516d5b535dc209d21b728e7cecf7d5aa441bc77719ec68c9f3b1a8491a1d949f8a47f0eaf4eab3f5b0627df93214d2b8d24c33f9dc18a071bdb447b0586f271864e36454cafce4c5118f0a9cf749370966b906b916b926b936b3c7bc9b5cb3dc8bdc83dc9bdc93dcabdca3d77555fed965a0b5913591b5923592b5933593b5943594b5953595b59e357d67cfebaf1bede4be69d449b6cca542a8623ca8e13c1414a8c3ecc4c2de3e7bffef748d50d6ab8990c7abb75f902fef193c7547aeb84c08cd5074994250e151937373187afb70e314875a741fee0dd1b77d02677f462ff580d2993aa64218fcd64d623b1435cb876ef3b9351cbb4f8426a7ddf64d4f58d07dfe9c638ee7730d4a8a0662634cc10185bfc90ae0cc5aa78c79a2a64b5d27b59195ac80865e9b13ba0efa9f4fe3f2619517687968b3f32e4c26fbeda531df9ceb299c533bc3c884fe68b39483e4bae0d490c68c85b9419bec8689bb6c4c201dbef95edcf9ad77b2668285dbccf821db6b28587b7cbe592c24d86a084ca527429030abbb3e421b80177a3312a6f5e92bb39c6fd320f2cca90a7c2f5282b9532c1e775ade7c23f751eaa0d67eed930453f5bebc8e40b223392bd35e182bc94f3791667c889f8a4e7ee9fe1feab32d5543278c9efc8ccf672e5f7afbf24434a86afd48ce9b9366e12dd2f76e32aa9d0eb30c8085e94e769789a09d4dbb97e8716be22d926169263381d8fa2e42e9d1f30f7f822cced2c9a55aa32afe90831eaf7ab8e104747bb585ce041b57b704294b338bf82ddfd2dccd2c0570b712a6b2ed553f928bc875b577e7f31e8c2b84c78a52a57cca8c9a3099e2be9f36de6334c17fa430cbd0303f8f4c1a3374e388d65f2b8be38a5ee2341e71289c894d421151266c9c938486afba9327ddfa0425114652c9056df51c87b8f676c7c6e99fccfbe2af1b19376911ca6638207c9debfb2bcc208659daa3909ec6a4fb5565d24ca3a8eec6179fe020e0ff6301a9a80db33a8e69849ade880c78bdd440eb11439a2745ed5008e8c4ea0530a530da601faeffea7b7efefaf7f093b7764b15c5037746df52d95c19c20d32f19cc32dae5bdf73f5019cc2d7ae570a1039fd747c5c68e9ded1da2900bc834b4dce089f361844fb65f6dc16ae89415e934e80d52659b520dbd3d1e3f3efefc092db04749e10e989597ba3c3b81ad9daf69b0ea7c8f4b0c3f7695f1111454489f6064784c8d8d3debc678f7ce1d3492fb84867664492c4a2b2d272457244f3eab8062330f63d74e958df09de84c1a70c9fc76bb891e4cc6283374b3f0d0b4a8b0c8e197f12ee30316352ee6285d22393f45420ee7e35de2325d921e6a62c4834cb6fcca4cabc9610fd59f0a7914a71a0417a2c19a5f18e626cb9375f9a6a094a125796f9579ace3067f5d11eaeb9ad79b3566d89236985a0c79ec1ac4c254ba188e882a642500d7d3c05a7870aa391a327b9d6a8997c6a6a9428e341f7e8330d84cafd7e3a19032090dc38de1ba1759778d84b50f1d1e9251bd8784760736bea74646bf38baaaa7719bfc515c97c6b26b5c3564170f1d20312c23578224d1658ccb1f73ff8dae46212137919084c2dfb7fe923725e375a4f9969d8284f4f616eb2283114b2499c77ce496f81ee9ab6e5a51aa6be594322edee7266c7633b8519ac497ae7dbc7de3067fc74b6e896aeac405752d1d1a1fb9b7d77684f8ea0542013762b128d7aece7d5357f573051ece5822ac781d099bf2e92355082b9339f6f6fff0625051b3a2e46004fde95c2135afcd245d0db2694ad987aa8ff2a0db4d94348dcfbffe3515461a761a3551c02ececfe0d3c75b0c811a0c7f9a349616ae7f94aa2d95611a813592d142baffbe41856ea797eb5550219697dcdb7e3849e9dc890c433d4f60845c5e0bb3018f32d2c7917d5eb3b31f621563989e9cc3096d82542b48de95243c6a493cc7e27d555112321fbc38c1e5cb9770747088bbd796a0b3b8d4baf7aa69459fa8849736176c747c1253e3b3589a5f561bf4a4d04249cb4563cc2755ad392e8ad96c45d736849b8be3eaefb95a0eb76fdfc6c39d23cc91df191a1e5461d5e1e1a1aac71aa08593ba9423127ec96c12371766b0c70bee8733a3aa8d80855e4dc22809a724ac6a7161e4330786575565feeee1b6323cf2aa26b68968726a1b1b6862de7ff75d7cf4fe87f4a03a956c95cf52b5b97a15d15c01eeb767a0f550e972f66f5863b13114d0a944bb1c89cb3479aaadfd34e2247cd78ffaa1da7eb440b45042d02a0db5fa35134b54a4e2c7111c45d35cf0a1bea1246a9276c5ffe5932d352e5846a8a448163a9d9280d6c57b6fcdbf124248637a97a30f6d8fc245c4d3f5ef7c3f112f3056cee267bfdac2c75ff773b20a2418f52400258540b24e6b548bec2e4af5921078d2ef9f5c162544ef53d2b0aee594c21398ca34b0c71a22d9acaaa13b9bdc6a246f27d3097abc4695d7c585fc473c52e1f5dd95258c31962f57652c0fa1b581aa9b895c0e89c648ea849f53e96714d391c8081a01278fb8b924a435d08888e1ff43ee3f1a2f2395ad2bb54af211e32447b7c3b9ef5d7f178d93acff70c8a7b2a06daa064c8bc3709aa8d4acd65fc87be7975914a2fdfd65fda43fdb5a8c4f2c9ec298db8cff4ca41da6416e769b701329be78f24c7564b058c88fc4fb39609f3c208fc9354b920795fecb497eeee8fc4df239fdfb599cbf8854e6143f7affa77d83aa42343bc38e1aa3831a6e5cbf8b0a09fcd9b90b2a6540c2144b2f0f977b185ef3ab215ab99a253d318485b915e4c3ebd016d38abc16aa409af3499dd511f77f2e1f23c2b5f020afaa6ba890a45e3b8c61301080d3e4442a91a2130bf1b0f911ce34f0e2308ad1e110d6c8fd78c923fdc74fbe5421d6b8d7cadf218aa51392cf54fb87d7f0728825d728d72ad7dcedf5d31ee45ee49ee4dee41ee55ee59ee5de650d642d644d646de4256b256b266ba7d6906b296b2a6b2b2f596b5973597b9d7f227d5fc21fa9044e24a3aa1258e47369e120d05854b097e57351c164de5094ea9585c45b86f02ce4d02815ac9c0fe3cac2926aa7512cf6303b29b945e9575ab03238429eb0509a70574882f58c5625eb3ddfdd4726bec535a471cba5b800258429793a4870372a7168eca34ad6d3bb2694acf7f6b57750ff8717d0eee5a04956f034b3f6cac0be468a12a1dd811e39005d9088411a14692ca08a8d2c0ddcf8e418bdb65e1d48515b427e865854d95e1eef22637e5f37dec51d90090f445926bd92efa5e2fe2c9b399e160f56413896796391a98587269d2e325cf5a9d1d46f92ad5fd749d1e6f128b52c9dea1f5a23f998725d862776d4896e9158d59afb72bca141506531a2da210a22df224471ad5e538adf5bb73e2469baaf20bb9b1ce0e38d4d64c90f157a294c12e568c5f0f1b61cf492ed7a8f6106df83ff23778a21191b23fda365dc31bd71b5d1e9973fe87efffdcb682359770941d5a867ba40690c66e77ffb825c7fdb9bd7ffe9665c0d7394244a49366da8d6b15005cfbd6e7ffd3511a2a586fb3b9f1fea04315c75c33252575c49829271ae22a4751337966ee3751d21562f5dc521c312a75d4615e571c88314cf4b6edc1552008f88c4a748283f2092952af571a59ebd78bef6471583b6f4545f6940e33c5fd3d30c091972fb197e492fe69d189daddefc5a15ec029de161244603d061c431c96b8b616e76a6af8231f4cd4b47432ed2eb06156e1cece334bac7df9b911ea20add494e904424a50a850f8a1d526337c5f0af5e8aabe724c8ea344a827a66864e80069a84f671f400f3334b0cb79e6365f12a3e7bb1a9526acc46c96e77224a81eae2c5553cdf5853e935320431556aa8ee921fdefa213edf7e02dd7ff33fdcbe1fa14118199ea6f1d9c747572f2af95cb221cfe4f38b7333df51c1dc249c0b990a3ebabbc8d04d58ed8a0a5102a131a582353a32c8cef59d16ac67ad5f771319c6c213189e9eff0e0794c897b81967be9703a2bc05ed6e5ef505b23256b8fae3f7c9c2ef9c0fecd3467bd00f90e41e9b82e9f30c637c2fbd6647caf030100c9e734047d124069c36ec46b2f0d2a0bc69bc4b38d751898bd27e41fafb09a2a891341443e1917c229356f163b3533e9c9c16301970bcb1c85466334985b38cba29907b7a936cfdba4e8a3eaa2fd2b3d940a32221505b5a6770bdc46b76b86975dcd065726c5a3a007d53036ba38738f18b24e269e8b9a4615846bad8f1d0debd7613f95f1291d8f9954aab16153ac6fde30daa1a95fe0cb4934602f38ce5537bf4cc591db9398b6afa26131fc4639e0d6f14a9561495b1909348aef4c6fb175e47121f45c6554dda442a17c58812b05935796dbd71bc8eac77bf7f905eb57f95104eee479230cd8a1beabc71fd3fb11c63b8c9503f4c927eca4d81e394d2b1172bc35ed864def96b3a42f8bd529a52504df9747c26376fdca2f78e3164492b89dfe5f01149eb5125512ffd9177c80b559b449c9a3fbc183479f84225e549d6beb4b4493352583b3a55f2b9a05f49ee1415ec65f95c5430314cd2a9511aab15f265aa9b5aa582554b492c4c4ed250171906f5a8e205702a6d50be51ddc4e13468989c5c9b1adfd7373e83d3a32de43be47819c249ab8e175bcf550da5a65b25813fc090bb48f0c09fe77eca648f94218c1585cff722400e5638a76c21ab5af1ca1a4519b2cab997f6c8a37e3a308666925e93e0f52ecf4ca3928f627294c6565b604836dbba3f3d3ccc0f28a991ab07fcc56fcbe74efefd4c3e0fd1c0689b255c5d22c42c15943c6c239158c8e79435ae94fb73e32587e0db7d852ecd50525edf50933606cc5dc6f82e2a1ccf1462914d39402328fcc285113f2d6f8a44df3aafc5ad5a385473112ccc2eab16b122eba5c347dc50030832c68e96933828ed29224f9a1cc9acf9c21139a7bd0e8c2705f4a80068e9c58503128ee9650ea890adaa299a527b25a37cbd54d15e37dee5d7bfdd381fef22ddfce52509bd663525b5779ecdece261080e118111907c5f91e97e24ade25f493c7c936cfdba4e8a82f2cad954bf0faf5b122d797d440b12d777748cc33b1568b23d256dcb2b65ab1365d238d2f0cabd0b0219a002d76d96b1bbb7863c95a27bd76ed020b55572d8fcdc257c1e7f880b162a66f9362e0c8e1349b8b0b14e64142217d0ecaa313132fd56508ff425124a410c65875aba70471e8f55656fe74b7535572d47e3d3e8feeefe6418804c60edf2108b0193b20c499f10c4a37afc185e5d7f414c1bbb09cc8dfa5535bdb4fd5099c034aa729ff225bcc486ff085fd139251d55ccea07ced75f72939c5786e1e857a2c070dc40d494c7c2b00d5f6ec6c8a53dc6eb3a426cbe58c7dc850be4a39cca208c729f47e844e5a05d9a9d559503d5ba94954847883c86662fa2522caa6afd1a8dfd1f520ceae04197b492047994203997678761dc5c9a55f2799684f1997c3e475ef52c8359e473e924eaa09852e69ebd7d794af19d15a25b21e8bd3c07d2d0add9e533d23a548e52909cd4595fa1b3d6afc724b207080ee45a96afdc04f5637992a45752e4b448a10c4e221ddb2302a3c3a0caa8376930b6b08ccc69045dad9df7d4263a4fd3e8cf2ab426af09b795847b053757e611a2f38f1f1ce39db77fa8d26ba4de6f7bff999a35b8bbff041b8c4a74b3b79df79da60ef6a9144896e942d08144641b2e4b1be3f397b0b6b38723924a9ec11043971d1e8a1af6538c7779e81729170e8f72f1b840f364f8dbdc9cb15418a3831348c6c2ca8b5ca744b749965c5a6b2c50d2cf9090bb353fcb9f8b214b065e5a010862494437607204143cfbe0ee3b58df7d820fdfff0bc6c01b3ce4fd147e9f771089d4297ef8ee5f90bbd1c1c78326793429a2a688b18d7cea003ffef0efd4ac79738df2b3417a259323901950dc1406533fd94f10841ce22af98089b98b543f4ea83479549ecb9bc6bb549bf426830e450a0fba24310b5c9b8482fee59ae497b4e1b4eacfcb26eaadee778a4c65e2a710b43270cf4b2336e0b7520d6a7deff7bbcdb60a31a4664c5057aedc5464b29646273032a3143c91d2a5aeabd0ee2b3c362a425d1adcae9f068c71d4c0d0000d73147a128015a2d395f9054ab38778ff9d8f906048b97b12851477aef2b948a260d73a801bee80ba7f27ef3f992a1229e6e0fd57cbd8a1f7d2f95c0830523c4d16fb832535fd51c762500d7c03417672cd12164a557aadf6bbfbcb10e9b8c961592d924f44af2d6d4518fa9d1921a9e7123433311e5039493a1ab4c3e3b492e74575930252b74dab1a968972a8fda60c43920fab81169c749845de53dd5781236b51ebff6c3889db8b13f824b9a550d0d78e4384dc5aec93ec5e5a5ea4332ae0751d214688d065c6fc3ea300411d8e6f8a41ab24b98703c3989d5921fad1aac665a3747a2deead7a95cae2ad55acad6ffe41c5a0522fb71e3ec528b91991b045058b2653aa2c648302cf9b54300ddf77698acf9f2157940ede4c435b2652a1ab22ef52532a98cd39f89dbe420b54433749081765a823414029dde73fb5169b8a3e220c93a5e58eb4092952e193872be52cef7ff81652e934f947177c74e872df122a5e5d59862432c7e2fb0ccddd6a2fa44b721f4545ad04a8d03e79f689a2565ae51caeafde6178985672fce8dc62df001908dddf251c17b2af2269fbbf473ecf94197a748a18a10597dc1c2189657aa353fa2f5b68a1336135be58bcc8c3c71fabbe42a7f10825c01c6e50e1fa7af7403d88809fbf97cf29c452e26748e2548d3c929dec7d99d2ea3143aad9e905d8ac6ed50c6def78070b3317b0b9f5084bd3d338dc3985df4515a756846b7690127c0f1f7ff515fc54c9064e64709d5d8d6fd1f2b0886ad4a2c1a990df6af1109ebdaad53c6e5d9b548dc7de34de451a902bcf2970988630932a297959728e441a9e1e757fa76cc2472f7f1696bd2c4b4bae95e43639657a1c65e922c3c0effbbec8c035995fc5f04bca1da4f78c5ec66c36641638a56ceaf6d2e7fa3877044f9bf17c5e12cdfaf7d65a6698a86d61ff740757aedcc01e554a8789b0dbed50ed46c3277b189e5cc6fcba0d8d492b95cb5dd40b31e479cdc345b3baffbfcf7d8aad4618757f59ad89864e259225b2c8f454df6733379989d72f884665746b344a2490ac7aa9b0976670922458a37179f9fe5c0e2a9e345992af25ad6305ed499261859e5b5ab556796f09317c24a813d98a9a0326619eb4f168d43a4a8d953d29064654c04d7b09291a89112a62461a0991de97193efcda7c02b7d7a9265a48025898c8e7fdab4be7c30fa4f3e6512c8bd775841864b8fbd5b32d861537d1a4d265e6e1973c2abd56fa6837b1b9f9941ccb3c1e1229bd7be7063e7ffc84d79c501d21bc44edfb2919a9d37d25a13059689e27144a2fa86c21a132a91dc62ec245ee01aa93937edbf7cae74254474489ad6531393d81407080a15106e31373aa23643a1bc7a06f986732aefa0aad4c2de23019567d856436bc7406b838314e3120adb2b59315497224b0a06c2745b01a2eec2085a78d9314c3f51a168602a8126d6eedeca8ae15b757afe0b75f3fc67552335f3cfc05d4cc474d3f0c37494d62a388f98bd7f1e0e123ccc87497744c19b795c545d5be23d5d011883469c0fc7d03c4a01b468b830b56fdce04d333f9fcd6e22c8283c34a3eb73887549d8c6427bf6e722aecc3f4b6cef3c9a93e7d95a10154ae8ecee886cfd824591581d765c7cdab1f2ac4221c90f40d71069710a767a85575caa02493bb2ae68c1408b50d3e354e38934fabace566aca58c8fbc0e6b89575a78b4e9616c3d0311965e35fe261852b05d7883b9d91037724f35bd1719f7b70f8e14fa11d2323439a2b89eb3f12eba6fb27e0789228cdaae2285bd4ebbcae29d1e1ba07134c11ff293a4ab12c9f4c3080997bc6ed3778a4ccf268076d46486ae6a49a1e6a47fcff7c5bbbf5c9a20214c4f266890ac3452f695de466122180b153fc9843e433f9e9f0c132190bfc87730367309a5585215fc7a8321e46b15aeaf56adefe2ae03ffc5b4a6faff481bd6000f949502c0e3dc268e18060d311c5c5e5945ed174d1c7709c78916d0cde388ebf2d1f0b86a86e69392977c85ebdb53d72bf550129a4ae82cc8d04a5462a5a1508de15fba3fc960960d9f2bd4145a92a8518c978cb129701d65fc90f46d163e42dacb3a68b4345c5be91d2461a9a42688f1b6b9cc38c411566484300fdfe58bd2839c61aaada410513c5fc3f2c20ab677b688ac66f0e4c516eae504660f8388f50e18da8dc042e7f99044fcec4810dbf18a1aa8f074fd5811d347c7c7dc475dd556d8ac9776c0c34abcd0f0d0f9dc41d5904f4622b51b19350bbdcefde976ff61c5a0414616326450f4a46b4b2baaa3a3942cfc3ef9bc40248eae64590fa93ed032bcb05838e5f53a684c032a3f49f835e92bb44e872d7d8564cc558221d8ca78082f4e22b0f05c140b79a29d31461e69ac2e2daaa19c06bb1b319e01a9cfebd1c14d52512b125484c899590c2d259ff7ea150288a022ad8d74883e72c2126a4613e47e0c266c1dc57836ecd83b4963906b2ed4caf8a007bf79be857986afe38c34b2a747d02dbd15ba6f7605d554c8ae4880f45897c9d51cd32bc8e0b774625fd56cfc9c164f868e19c8f0b72ad9ef9d9c9aa755d730443b9b9c3a444e606ae9b2ea2b24618a842d0effbcea512b04e62b73c1229b8ab40ef89d18a2da641998409a24e0cbe384176617f1fc3801bd4732a98974c84de99d5535033d9be667d00ad70f0925f9f936426baad7181df229ee21932d29e3a3e4c04459e5bc88a47b96cb13213723a465476f384749627ca4858790c23edecbee710a97572614577036d3caa2154faca5016aa8ac66a90afe7691e9d904d03cf91b81edc2754831618884baa803a34137519591e8c042e348659224a8a8433b4719e8351d0569750e075ae419a4a6cb41583eb7388fb2267d7ead661aa8b2ad858754550e6369c519b908c7cf0a7edb7c22e5d33d5478300ced044afe0c115c80c4a84e8d2a1ab2d23b97b931cb96570a83b3e67e6fa4bfb2de42e7d888bf5d5e56f7bf7d9082cda8eb239f5eb77f5084a4173f64332a7e46c22d178dc4ebeebf58ee2b88920724dd03653d44daefd1c1188858a43858a95b344e56835e85853986296ef258d2ca438c9a9e21db54cf877ac8a48c9a93dc884c7735072789e8286d774de7bda694a1a5022b8636676758ca702b17a7037a4d4788611ff938bf03130c8f9e1dc571e7dd1f217ab883b1b1108e89b0a8e7a9d28e8d9d43a288326c6e1ff74318267b807b4ef70715833688160425c9813630b48964ebdf295ad5776b6a72ea452ab77e4141e45ecd36bf9a9c5ac8465f3b391516223cbedfd9e454b78e065db2abe91cb406273c3424d22a7965e1029f2f15b0f1796c1d1ec265d6a96b1da14313c33332e0e3bd91b220d1be1f8ec213083184239a3acd913271a224e12fef752c68e7fbc470f9ad1fe3f9f63edebdbcc87bb761820e4c122bcbd96322a124664341a4a25b8a0a3005c6a11bb96cba3fc01f10a363a4454d307e3b49a45455725dbac3196d08313432d1ca7fb515ee8f2c9918a557d843c71a84bd5ba2ec9ac58a8cf5d8db422cb6893b2b9754053c9a9422b901e7b9983ffff567fcab999c8b4c1e88aa394972836b8c7f652ed885e94915664986ae777201b5e731e869acecc141955c576e6a49980570f3b2f05294df3b251a1d7a7903373d65590f518985deeaac8587a565566d294a344203b4c80e7bbf01bccfe7403ace874e2ea550ab2bf25212dea4cce48cb4b478fd18f518d51c6c9916113b89a96a670f8d82b4ecc8d0a31d87fb4dacc41bcbbf498f6249a05303e4a4a894dc8190da92407796c078d6f4ac40d54a9aaf8b3a221ede42593c4cc398ca0b07e55005a6f2f3fce31c5dcd8c13ca16ba6a9a27591f35fd235d8df177620ae5093f50a6976e4bc32d1eda2c150ce9e31d8e86a9644654c1ef44c04c24458f9c89e1c6db1f92d83da6a79f576d70e5f05d9e9bc321b9ba25721f1542fe970b83a5aafbbdcea5d7debf4ca01864e8932ab6940190c2d202a17a4ee6aa7969cc3b9d37debf248d5accfd0e89d238ccf84d4f67691c2fe90252892dc9967eaeaff04d19a299225195d4a139cdfd466a1922285132532faad0c7a84aed54b0a54fab5ee38913929eba0abd7fecb586d6458165f738a29ae7f5488ecafc743765680b39918ddd6788d36048233e878f862ab68300a380d382f011c4c7146e5617aef1205a554708197b5c2162918e05a958e20f2a0695d1cb6d50d9b3f9b0c610587a2f0908789d7cfe2591db081dbf189a56adf0bd93538b74ee9a5af67c72aadf49633a35af26a78a5394e430ab7b82e82ac6f0bfa742302912dd3ecda810cc6d35a810ec389ea4b256a1fa69556763716989f4485511cf4be3d3e4ccb6a964119191930d30d48c85f7e0f28ea2983d55d9d9d94a5219cd4eb7d1cfd2a63a1e4993c2a0a3917a36ddf472e9be95a1c51e65710d9591000f8c349e0fd00b5fa2072ca40e8961c423e655e5b6cb24b3b35b38cab6fa0578444a0d2952a35131f72a8a50ac554a6aa26983a4a7d3e12221b7a358f477dffa005f7ef100664a844aa6ec54558b52990b3632e085959cd23a1fc2280f80f18892bd0497b4a01a92977e2fd1078dd6675fff8cb02f7b2ecd4b672291e6f3f92ce3efd8790b0f27e5507990f292cfded889e3289261bc9f53ca4a8ea4ab9b8b9accd7b978d22a94fcc178909ec5068fbe4fa258b82e9292ef7039e0a7f1116463e0839c22191d8e9791657c2c864c0e9264c1ba85549516043c4ca2ac3509adf3542bbe8d96acd21151f5336e636ac243de4394298b6aaf5121f7314cb549f514f64670d8495016772b7416e6f5c3ea6048664045521a1a9453b9d9db3691a04c300e3b51e93615a2c87729ef7b6d0c3f4ab87779092393945b770e904b6ca9ba201ddfa7c6504c42e717fb872a13f8b78f1ef319d6516ed4f1cecd9f123eafabc2e05aa55fa3b660187df3fd4b21aff06dda7e3e5080f75fa70192fed2df77ffd26db1287946bc6ca97f93a189261a71496f50c311a5b5aa845f7420d230dfe8920915169c12bdca1c32e94f53e3d7cbeb9fbde386974e44e67949af71192775d66ffcdb8636b645a3e235ffde761cd301a3aa697b5d3b0e591daf81c613b29734f8e8e625f28427589c9cfabdc5a0b3534b74f8491a3db7323a8276b234de712a54a2304a1b54c9bb1b181e81a15ea4441f577d8e84cb8951bdea98fcb0f20a8abcee99e965354e3a4d31e6d2ec3c9f0df7319d7b93eb3631324cbee62937b589206011c7e4aa647450357d721e8245894ca5766c843f2b63baaf92bb1d22efd723c878ffee4d1aa32c5c32268bfb2343e71d3e78f6da761c53d282b761febded386af1f47fbdd1cc4b8b17f0706d43fd4cb1507a65de988458cec111c25b0f9e7103c85c30cf0312aa7b59385a4420a76595089725d9292364f2b19292faf5cad3b7b1bc7cf9b5e5193b54ccce5a78d4495c9a2a0c05b8312ddcc042629abc035c743b51804eb5de10ce2891ccd2538ec2ed91794fc7b4d66e6574cebe2207111449c6422664a4ea48e424cdde84e1413b1756abde6374ccf74a02a3c4fcaf4b601409563cb8e27dec4615a218bb5a857cec6eabca7c152324ed2a0435d03eabdaaf3289e5017ae782b5090d3d675e9e177f363144023bc74dbadcc46159c6c7502d24912ae18dd38df37aaf64bea0c23769a319276f976ed2c86a2a981f1b43f13fc5a996e568b87a3091c35029f57cafadfdc724d02b9473bf29906ddffcfdf73f1ce07dd994d4ff87de7f325326b2ec8ff1918317f0f4c364e181a4199a1864c9f921bc45f89bcf1ff59b295c48d80aa56a7e7bfd357b4594860c28fd8708e201ee23221719fdd43539d0289ee2b4a6c5e80b07e2437a0cbb9c4401bbbfb71d879445bca91d87d6eca441772a252bc9cfb230342972dd378fc2ca01bfac66cd92fc3d53b3180d714f3748389faab0e9389da771aa124d3b143de163c83fc7035bca45a9e60a9f4874d591a66d3a954b162db6555bdad37451858361a21553afaa9ea1b466f54ac228efd94e8a62976292ccdebd73fb1e9e3c7a0e53bbcce8808e9a118ec3e950c875767494523c43639b1bbb7b7b90c8e8d9d606bc24a48da4026408e9244971a9039386809d5afeb5ed38468627fea0761c4b34f49afffebdb19e14004a55f57b77e6f18b2ff6d4861b0ffeae2a565ed174438520f212e2d647cb98216f214dd15546ae59ab2aa185881d1ef1c0e3e9ffbea4e1cb6b74b45f4e61178ea24cf9d4c9ff66ec1b9da285a727f9e2f34ff1e15bef20f7db7e19c2b8d985e37a0156aa029e31929c95223c8343444c51540d3c99e620f4249e8b45aa4f442a1796aea92a792f95836c2e057b953c4a9146abc210cdd82fcf6ee6180204bd2ab9ab43d8295dda64d3db756d2a0d39ac5c9c413d9356ded7c48727af442ca5382079adafed130a0f2962d5422fdd208a93f713b2cf3fe4254f74a03cc75919c138b9a43aef51f2619c76bd4a949384bcde376a99830643380dc9f99908b965b499ea3c5828f4d3f14dc3baf3f5b7e434ca002769ac041544c74b543f64ee9986b2a64ca6d2c14ddeaac478bd63cfe3b4aa572d53a4afcc2837964c3191eae6512715aed01c0fd0816ae6752bc9f89ccfae5bfce6d950ad11b2beadda7ff614992cc4b25caf5c937c498e8e4ac4a4342ea8d046239491bc147bbff95b8ed730ec37bdb27f8ee37d43f6e1ed19fcfaf36dc5cbd56864e778dfaf7cfe376d67c3e184faf35ffff472ff3d7394a72344af669d52ce9af57e5dd9d91efc533f7ff1bf9fc7cfbe788a10118642cbdc5327d9fef31be17b24d211867f013aadfefe7530b47bb64bd99e6bed241a1b730594fc6e6ca75516bb8d88445e07d9183af57eb6f371e48012ff15a2890e0ed36daa5c7a8653c7aa32fdc1d6a13262522356208fe4a1f1f2788334fe65fe6c557dce507008995c1e551a6f2bd19f87684b86281c45c2749854c0b81634592acf4b921a7df43ea363932a8f2e1894fece3291b5c6b0969c220df931a906a9e51444f6d6ea029eec1de0d6caf8f9b5c588169f3c7b8cf19129156de8cc3d4c7987d47d551a69d8b9679b7a868254f54e0a49028c9a52252fcdba68d4faf76fec2590ce27e92846187235d4bf8d790de76555a7d1087e70fb32b4c35c44694f21b1f699f179f9819dbd64248b6cba061fda10bd4faea1c19fe375e1c24d648ed7b13c3e88e7cffaad27c4e8a40845dbee3ac931a7ea1dd2eb69b07d1cc5c169f695161d4e2ef6598b8e975b78741866f5fc947949741a4bfd1ecf460f43cda3537206545978d025769662d012253a313ef21a923144b92a0f4456856267c647fefbdeea1879b1a64a087cb936ecac9fb4d76226f1d6e79ae460c6b981649ed5a0dfa2520bfc03761ab041cc8e79547f5f6992d5e0831b1ca0171a59c4c0e02cd514077cfc4c878ff03863565f8bf4de0d1a98e64b4b3ee5ea4fb908cdad60fcc48ac1b8093a72d1ceb641716083bc8c3b4b73f4d219f559d2df5bad5bb7a9f8aeb3faaf6fbf0cf4a83ebf4b8900325a5986086a69a94511a9d180ca97a09876abab0ca190cdb217644fc8de903d227be5e5d7cb7b49f698ec35d973b2f7fe1caf7feee7dfb924eb54c20c8508313e36aa6defdf585407e7af28acec471acaf03449a44aaf26396817c63db878f1320f37e579f4ebf28cf6903aa03e2244abaeefc0aa9d0c496803bc46e0375f5320d176ceaf45381dbfa54bf56b96005b202b9d1679954cae04036574bf599267ede4594efbef4f43e7b37b916be9e1f571ef5906c8830e6179628c7408af5d26af18dcaa30fcd9de3103333bec8363e4992c28b62ceaf73c54b6a579a438d9111a04b986b3975c9b5ca35cab5cb35cbbbce45ee49ee4dee41ee525f72cf72e6b206b216b226b236b246b256b266b276b286b296b2a6b2b6b2c6b2d6b2e2fdddfbc3571ff4c9da8b7f5708ecda196eb3707976904d28e53face4429d13ba4ef8ec0476ee05daa5093fcbd6c5da3da31c8bcf7d76510af937b39cb20962907d2cc4abe4cdfcc6eaff8ebafa860d1da01f649b0ceaf8ee23417818fc82943d65fba048e93ccce3014acd64e5f5b9ed132facfcb3734460b893db3e24950938240cac02469cb84f195529908cfab6a9964d69955084f9298bd6a09c7a7792ccf04d030d81122b19a13b9137d3e483af0891af3e726a22796aeaacf102256fae7f6440592e25169bec5ff3e4ad555fe9110ae76c6ce4d2a2f09438aa1041f07c94e4b81e05ae65dd14275f5804b1a9b2d5c84869cc1597e5531b9a732a0434323aa0eca405255eabfc6eb0e7aef9e323cf2725bf432625655eacb2695cfecf6dbefa8fa25519e4c8ac3e9295558be1f4de43034e0e4fdb45542619a1e56664b75bf75f87de428340ceb268256850e65508018b2973fbfa98a653b5c7b2bd25cbb658672251abc7084e139c37091df05fd248888a47adcefd0e1209cfe933fff3f47b65f1156449172f71a78b019e373d4a151cda05c8c637e62990a27f72cc510c9d79966f8faf1675fa3a563083abdc8bd48a18261583895627854a3faeec0180d392128896b0bc3a7029f459bceaf48ce27873b1727897a7d74504e3c5f7f886b976ea2d034222ce515e459064766902072d25176d75add0a797ae8445eacbde0fee8f27917d1d3d9d53311f2bad9d12962feeee5659cc4326aa67d231fc6e84010eb14516e5f5880979ca7e40b0d0664d0651cf9968efce024896d373e7dba4fc7525461bb5e5f21e76a86a9a5c118b92ad97be57282e47b1d6ea707d11c9f3743b1fd4802bbdb7b98a7fafc8cfc9e9d6cb181086b7c6814c9d43e43c1ba4a9c5ddf3ea510d426f743a4dbc82bbae4abcd43ec9c9c42f7dfbebf70ffdb2369be6f248a590c15c943092b542dce379debde94417c1ccdbfd256a2a306d831240b901b22dc5ed3e5950a96216c9ee0263a4b103b8ce770184d41c3f8f584845c3295210fe4409788c66bd7bdb63ca3528e9fb7f028d2881aa9fce8ab4ab0504dbf9a0cc7b47a23961786b949fa04b58f9c503c5b468be4799ac848886831368a8026421223241c85285592aba20ee19f99884e157224f0645c6d1a89e37db5ae59febd4ef2d74835c64219ffda8c07fb09222a3d39211389da8611830ba3d8a5ba13d2c8355a54482446481b6d63eccae42bf95532edc04a59baa5b332cc8aab51ba52ffb5a0f16384a461910a4d9761e9c20c3d2cf93369f159af35556f1e09c36452aadb6652c656fa91e9d578e3aeaa7e17125d1c8e86a84f2af82783fdfecc872f1d7e69e8ae6df54bca57b9e96b526bc6e7536438fff2e75bb82e551aa01122c9937841a95f5e9f5deda900d1a9f043b2874e924595385a22d722c5c07feae79f740f5f11568243434890d390705967e2d3ae96a9e43a29e727b93707c8efd5314a7e49460945b8b7efd2e13d7af014e3830c91db66f2364e1a49f2302485cf389d6e8feae969fc554ec7e8810cac8886b7c9477ab1b9fb9cefd983cd35a85a561cd0893a6d567ee610f74b93d75ea5d31ce37d94b13c3bc13d222d90c93fd552b8b8b888b6467aaf67e01e204d113fc5e248801c530b111af1ab73fda665526c5ed73854cb1ce1920c16af1a67d525df261d0c976666d1aae4189aa568c82922f0de23f90acc9d8aaa2208ba82bc960ed7ad8acdad246e91f3899e843135eae173ab917ed12018f0725d0e51d33a687cc9e511d64985444b42c9d03062dc5b52f2a16384632087a6fbeb3b63f7cf0e45b6d45223512455dcc00d2686487276ea922d9995769ce418a47117e16e9b7c82cde95456f74d19c46f9a0621532c6b4421b2f11e326c12154c5a921ef2c6658674a958227ab2aa4441492a2c142af04893319757cdb9ea344a383a3da27210a41a72423e6902064250877bfcbc8deb34551f49f72ef0e1b529499b03547d524de5cd9d26335e7ea5c87b08e12968234a665e229d8ec9ae48685a1025d70a12ca963bff5588e86a8dc49f840554aff4069322918557e0cd52fe2792a3d14f92179262cc5a9b3232758f86b68e2e7f64e6ca0aca2f523434505d06c5a07de1a1c7191b4126b27f8e2cf3e4b64c3d1a9dc816aeacdea667f4a9faaf1bf641446279d47a7ad5972715cda842cb548edc18116ca1dc503c84d168a09368c3e332aafa2e91cbad444b99a2b4e1b05299322939dec4e793101e4c42c66a5ded1f9b08102693da5b32f6da404976ff2483011a68a7c3fccae72bd4214a1143530985c5814523546025c58068e9abb5a8429543c17e686ca19820bff7a77e7ee8dea5ef082bedfc216e5dbc41952a493ea487bf7ae73d1abe2ce6a91ead1d45797007d06e24506d99d50cf718b914b789aaabd3a542f064d1f84acdd5b767b9c7888ae64607b07d10a6381324e0ac90971ba17370d1e02578dd651ee4a01a6e283dbaa47198709d01a2d6a77b11dcb8b0a2a696164807485edd24f91ea346dae76ab91fbb78e7ca929a36fb9cd75a2a5778cf2de4536195c0284dc1b4ad241dcdb2ca21caf0accd8dfb704c4313a093cad071dfb9fe160de21a96e72fabe1a4fc18ae7388a8d1817c87b4061d75923f6f374bf33769195354dc4f8691d08d4b17281ee571efea6d8572fc660dae2d5f403ab1f9da522bddbd39effd6f8fa4f9be9128821b52846293211a1fa20907379f9b568fdad279db05c920ce16faeff1a6b6121e32e1264d07bf4ded2a15ac4356fded7bf73041f25ada797c70e71e0e68d4dc22fbd5ab2aabf7fbba25be2cc70f1302ca148f079b3b445fa3f48487e83adc88680a7016659ebddcabf577d09caa8348cd62786494b11ce413723acf025918223dd5b45ed4305fc0430f5b571c82182079096a52a1118d898c06325a4c6ac657999e3d4043bd7f9ce6c6a1824659d7c990500dcbebf6d197e4bfc88b8e0c23b36368335c6a49421a3db384b292652d59c0b201677c461a270fc3aa2c0a6d19add184974ba22179b9adcb20a9a707cab760e9e8510a6a890af771e5d6fba824f39899b8c80d9c2192f0d10b9e607878522596be7d69198e34511dc3be563e8f1c0f8dd4719d8536d274ccc3b0a7a4da8d800799465afb3bc37d16de8c13716c9fe4ce4328d92b9d6f426ca9613a7b952d01b8ba0c4b695864d24543aadb798f2f7fbe9ef04a964546f7486b0f79c97cf10e1ddefe614aadfd2c450edff8b02a0191b61c7e9bf64ffefc7d12675dd3200e62476accce3babef62ed3882c9c5798608475413c9afb9c8b9789df8727b13fc68bc75ed3236364f313542d29ccffcafdebf42474162f9f9132a6a6145fa36a8467a84c72b45312459f4e407d3852809db14d7d6864ccb840b137e649331cccecdf260e6901295696c5e297f957c592558e6f95e336353989bb980834496ebc27df7bf15f7a5cd6da65776172b0110c4c60d041770df254aa276b5daaddeec9ec4f15466920fa9ca7fd16f49e56b2a994a6a66ca9ef1d86377b7244b6a4914f77d0540acc44eac39e742a4a95d6dcb65b858724b04de17ef739ffbdc7bcebde796b3421df7aab9497c0ec01c7b31388a2c0e5651a1b09dfd3571758f20928debc1da85a84e8a696db86505751bc07a76def3a71ffb78235e04bd7e2c87b15d1c7ac8547c3ebccf8083f94075b492b09d4c3e211b70a0a9744c6e5d9e901b57a6005a1f4aaf97627735f9128ebc90dd9345b05fd3c3bd888eb33a4c210b473888086d13f8d03757ef006e5905080ed88362fd19d0f0e782bebb3f66240d7ff8109acc753ce832f250b03091146eda29ad0e93b23c8851de2b2b311470eac9e71c7428453a37ff1c0070a7fcfef123e49f5eedd1898596657860424239e00d603b3e542df110de3e1cda461430244b9b1bc272c3e1e951c9c4e6a4e62f883d856c1527aa0d0b71928ab90348bd1c369c280e15f0f275b689dd5316e70c58aef69a34c5ad603918ba1eabc6ccd2daa13a95721d5123183076bf17b86379f2560d5aaebeb719927e00ce73cb114d11cc3afd415466a189f8077e2f0b8741e745a745390d86c4cd785e14ca619a49b576ce2673375591832312f4062405505e2a5629d0e96091fbafcd607765c47f2e20154b4d5ca099c76ecd3646df6c8481b6b648627757377b06276a24b22f15b34dc5c12d07466977214ddb88eaf74e289bd4486dba00185239e07dd80a4737d70c4da7f6614344381c6801a38303ca6e820d81bd8b1cc17966544c8c691b874466101192ce3d7b7d1ddbc3160da4b42c4fe870dbc48be75339663a28881c3c628353891c24d5f6f26060688b7feaf59f2292719a325a34490507b60f1561ebd4193f91fae558f250342247489d126057e74169fbb0a95f6d5b1aedf56b8d4b079ba05bbc720effcd29bfc383c0882269d86fabd6c69c8cf959db47c6e0b522c2db926c29a33a454c6dcd888a58b93e8c08241c8b6b93e7d2ca7344279c6a0722a818953e50dd51d843676b0ba22fb3ec1f26b4917560e41ca28b7d2db074631f8e0d0e00efa1fa6827eccaa54dacac8bda5cddd126d61d4432967aec748c8ed9d507820660716f0f8205a4e87dbd884e01f23b80efb6b6c92753235aad7e76947a676fbfdcfb614ea32f29859508382901b1bd18e3138f2525b43bf792ded7c641464c9fcff6ddfd312369eac041d8f33d3dd1239eae4109ed3404c34ba488a3a90f9695c05346a095952786b856acd652aba0192388623a55a18de5ff1e84c35e4f9bfcf6de23f9bb6ffe5e5bfaa3388dcfa65a9c98c15a842cc2c9224e1d4a1be4109ee6104d10e708470e95263fd7d329531397b420ad27c311cd4e95f1e40f9d50ad78ac3ab8956251f180fb9e888c5e9e91d4da0e02af82cc1993328993b2a9c9ac25061cefec6cf3e1bda0d6f9a0394514d18db10c3a14a78e9558463aa31df71693593ebd392cbb1c16d802160006d5cc463c6c94587f52dcb966a2b9fafc6b7826e370fe3ebb4128bfeca78a1dd20b1ae61a0c4b28bb8afcbd19e065013934703f29ee46c554c401025c2d8f10f7985314f641bd8228e0dcf00cf0a4140e9536a45d113ca799a92b72904882d5008b966952690543ada495c85eaff734b561af19b1bef7612bb300540f4209ed662f21e5894513d2e377e1e46de52fc8e2465cacc0f24ea22a97d7add35f8db019a65a67af4fb095f692c6cdb1f2f9f2741fc05dce26f7c8763cad2c9ce054aec10e2af8999a99c1f331fec9d7bff23717e5c1c2964ee7e0d04d4b3d4f397ed93b38786d2cf941d4748a0d15612b17865a65773d222d169be44c56595bfe83d613a573d4ba1ad1ba22f6bcb1b33d8fc8c781c8b2ab13b4fce1a18ef9c92055a1220085e2d8664441322a8d8670a00f830d9b9b9f9341ecbf10f0cd803f087b3e964a1db864bb1b99871dd14ba72c222aeb0360bd1b3f94cbf84c271c4f319fd7c2d5959d3d6d9f0a612fd90029ac6f2c49828da0b067962ddcbe7d0e007f02fb624ceb76c690b6d78af87ef5ac78dc1e38e06344e10ee945605028276566745cbe7bf05b1da56e6349c9614c2606b02e4cdbe1130a59ea92db80379a4f257f272fdd54bd2faa0df0d9c659e38667cd6a8bbffbea33317d31d375f7c78ca4a1fc03c1d3270bbbd850bb3ab6550d915ddfc02cfac1ffa67011e6e3ac8a66549545d4c31e6923c2689e66c4924211507638dd37903e4c75b569c5ea49b5eab3ad432cee904a78506f36804db18c9cf143d512df547569079370e2b5bda986d331bdc8270e6219ad6dc803f32a0050659d4fafa1432ca32eb17782ea7c0acce7b8453bb4293c68a473c129e0844135fb9a91c703ec06a35065d73db5d101feb1c992cfa9212c6f51ede866b01095460824b92b78df1ec0f4e936a904f1cc9e34d20b239ea1dfd3ac8d8efca962c71ce2f4c8543c92c289d4e2a4d323b28e7be5f88963d18a594bd82095f59c52f1deafa7c5d1d32ec5cd434406d82c708a6503b1100370b35679ba7d00003aaa7d62ae9805692bd6da498d1fe34ba98d0111678bb1fc5e6ce5e1b30d95e23d01e969b835a34d8682487b7712c0f68e4ea32a7f9b53a565a92b644124c9a6d3b3d73fd686d6b2da06db0732b8562896d753b50b984d19c0176dede4b5b8b22c0b6059fed4eb7f1ffe5ebc88767a5ac1e8222262132aefa7097b606b6747a79cee85f795e5cd633da8bbdd13e843ea5193673b6949028ec0c55f52fddcde0ea9cae01a0ee43ad8af130de961d0e554363c19f393c17737e1337d5e171c3c30296030c9d4a12410e99c1f0fc0f1a460534915b0f7793ae058d7b55935e0ef42f6b0a1353f1c05e301366a2a1fab90190f5c965d14d86b85b569c54142e8642d8c7bb1389021800505addf8ae0607b8793813944401484ee00e0cd3aaba5b5f9538de72db08d45dcdbfe7e58e5925912034f23992a702ea47d716405537d2dc0603bb12732fa7c5a4c65d90ded9d2a945a4d8dba31ea7d5159630c0799054c37eb948c3f76248d8334baa9b1713b415dd3d3d649d5c2b9c48e526fac7db931d30d8fdfa5e13605c5f980141fb2d86594a736aefb3ffedf2f410fb6c983953d2c54bffc61690b612b6ec0e1478e9a53ddeae3d8061c5052c345d618c4627b727e92b5180db0fba4c680af16a747ffa40e35f5a8a94bfdd32be724194bc8ab2f2bee9d883f0b326f5e6e4c1ae018e1c4dca254f15e566573509b4547ff528b06291bbea31d118ca562111b8c9d380d53ab327eaf40090df64561314dc8d1d9d7ca67d18ca88d7535873d09496ead49eada8b42c37f67df0eeb987252c37dd46a25fd89032fe39f755b976c861aeb904862b3797d8dfb4e37d6a1926fa491567763b63cc7f2f055cfe2f3710a5336c388b46e0d4442b99c7bb19eed5a55ce35d00344758d4a1242da682d71aa6c090c624256c18ce6105910976021aaa166780d5bd16bb384406da3612b7cd1760e0b7ffc1dda166d8cb6469ba3edbd7a7dda086d853643dbe173a32dd1a6685bb431da1a6d8eb6d7f9421cee4fbdfe9d3bdf20153bd27a341db343c75a6fd4bfb0968a3555bff8d97f93838c59fecb979fab14c7c9eb7c9f4bbabd2daa2ed8e609e8a8994cc678aa214d12e4ac86743c712c51fc43bb6f4c3610cd1ec349508fc9eaeb8163f780cade9750b286efd758cf2a30524747bf9640b4777ae5c2f92b48e32c8ac3b8fc4332397911ec6b41b11d3752beeb53a3727124a81818a96602eaf3a0ba2d6dddd26a03968948aed7ebd0b95e7c05fc7ebd07de0bef89f7c67b3cabf1ccef70a2f1ccefc6efc8efcaefccefce6770f2e2b3e133e2b3e2333ba947e3eba41e8dcf98cf9acf9ccfdef4e574fbdd1f33928663640802f85c0da3e049415984e66678728f4b3df4db267d56c92a992c3ae2637af632be6c5436abeb1ad25167e4a4639979f359690db676b8db831fac96f8a62168f4da6ba182f89ed74e59b083223eb70914b6b305274a0c807650be7bb4a12a7d0efc9d3d8b50bf0b51c93ec2e4524eaa541fb49895da2e65e338698f60308792ad0360b679757a83c96091aa3ad92a4eea9a767cd39e6ada215ed78a514b040e2d8430b4290e9c0929ee7c82e8a9de931b8e622b9406c59f6e50f43881e2b128e85c60258176f1202a70818adfc11ab1c7cd8967ef30987430611e0062d5daa807b24cc2c11c20aaa2ccaca38ed4d42353c003289799c7f3bf3c14d43eb1ce428b4c5d9805701969846f78b5c19151c47ce720ddb86f4466ad885008e4c1feb5cbf92cb612049bc91ab1600f9e19f0a016383cbbb50e003e0acc8572a59cd77e0c9bc1bd735d8115269359718075646dc8d9eb9bc1d494b0796288a23948d0095c8ef821fbfa88a3795bbda7536d49d9dbacc029c114fea9d75f29715ed505595a9d9773c38348e5f7608f1eb97d614487157c73e74bf96e6145d3b3c3fd153155a81c8a43a208b03f539338d2fed13e8f44e01cf3298acf5771f824b5237e776f5f45f6f3c746a486a0b1415c142800071bb5c049cccc8c038e0008bc1f92dddd03cd26ba7b02d87f873a91620f51c4749f1f596409c02d4812935d46823d88a8923a9b8dc5879488ad62ed23f13022b7a4f8e06ceac7291d0734dcdb2bebf8dc21d0eb8cbad8950f1257dc6e1cd4e66679f2e4a9fce413ca2fc724729cd31202161caeec27f17939b0da473804d31208f44a35bb8fb44f2419661a5c969e1e30df89b45472467d0efb00a4dd4664267bdbc0424daabf44a5cd874bdb5a8818cab25a3b2717c7c7646d73490387b5d56531dd9eeeb8ebf1d8b4b43b878d7b90c2060d8e632162ba619876b118917ccdfa7e56f3374e26e04ca6bdf0918a573bc084915a67ed50259f7beba44f76e1bee85200e21f913e3007cbdc89700e95ba5d067b3b90a7b257ccf492b486a9d460663e542df187e7f7e5f2cc8d539c837a387618ba67d98c14d127e16a024ec7a9ce474f5fa4323dfd7e20f616e1edf958016c6fd1dcbdb88014afda700e556c763a2763a9a14104d441e75c055afaf12c36807b79e11c0ff07b0d69890416a81da7c43616345b69e04245d0989dfe4e498581dbece344988fa9f3190a7ab590b18ed420395317f7b44ff26d65311f3464479b00eafb70086ce27d76a3456646c022d4815b8106a7f3e1b4502045d8bc557540e58598945a70af3ebb8429648ef72c6e6cc1300bf81dab0c747783d508eb5cb0d5ed83d353cc0db0f110291705e48f11f95c3fdf277eb743aba21790ebf3ef0c30d43a702d6a0d6b4d5717e0ce3a758f4bb2774843b628508de85c6d888951eb30a34fb652d495fd635d4911c87d3bfeffabd73fce15f0cc2b38107a8101da5faa4baae3f038996a4b6093f5497fcef5778c873afa7b60604c9e2fcc89d115907a2a04c6b003878347e69ffc5eccd5a2a6689c6be00076e8c4c1da1db0687a12705434457383dadd8e1e63bd2db87f8ef9716b2fd678b013e94b1c07e98cdcff615106826dd26c7488c95ad6313f51e03d15a459ac459a1c1e92f98d6d39d787542c57952faf9e47005b92c7eb7b60312923030770b8ada955029179148eaa75705a4cb06523983183b186836b5d1ccd0e389d51e9f2f7cac1de73d558b7003b72214a9ac4c133b7bc2175b3688ad46c2f000b8373f474891bb6c2313a931393b2bbb5034a7d14386523c2a917125a0eb21102f0edad688ad501bf70884376a4c7a10ed9686c064d6fd614eb2448e8f058df192498fefb4fc7ee36dbecf2638a11bb81511c61675f3c1794276b7020c83f49ad8780c40780caeb84047631e3bd14150fb03b9665e2880ad8fd7e821b7990a2942787d439502ccbee6893ec711e6c40131e46dba9b486159b7c10ecd687aa25ce9cbbae98d30f4b2b2fe9e1b853663853bb3a9f6c32ad94395f7bdbf0de3036aa41aaea1e3bb1895951e98d1dd4035d88c2808de1044a813a64a85fb9ea92687d4fda277a253317123fa86d7e6193d5a95857bd5256f9022d3644d89fe35c76e4e37ca6c409fc7e50c260fb880b11b82658cd9f227ebf2d6395687343b5d118ad68da53e28c6e4e4106ec53c2c6d90583c808c9a23d5aa2b543cac1151be17bd18f8d0c36a61991cb51b6a07d6b05aa04b4f7881d275105d73c990b76f4a2af8ae98d1b118415e94d77c0ad95b354f12be2c45bd83854fc8a4ad05e1c30a4cca9c8f8d5cd3100c0493d2876b1c63fa60890aa8fc7c0ec5ebd3e75802e221ae58b3d601536a3e2b9909adf398889d7faf1aeff7bca56bc410d7101fb8033e7ae7ffa050e8b0d4d39895bd439fd251b91b1914bda805d2e01ac37bb90965be108cdb285f5f2395a64f300e0b4a9268b5b11ad0b3ba917b261b13611351f2322f2226b78b216934f66677584763c9302e0db0e3816b600ca7e6b67495cbde33ae79de97e770fa29b021b8bad2a7b9cc7ff6fe15c3800816b7064530089bdc0b01ecf2fe3cf6ead039b9c38cf6309803c8821b75bbe7db624772e4f639fbae5309b130fa2e38323308ec07bccc7f597ea7b36f7c81056810b47753ed96eea5846ba9bf0fd9bf43b57ab4d88282bd28f7bdcdc7e8a43c1a5e3bf1924acacedcb9dcf3f7b6f9060fac5cde05dee9c1f538cc834a00623e1225ae07513382d49adfb100a7702287cdfa44fa62aec88a1dd153a8ca762598f9f3c794904eb445ac30124fed9e20f1fac96c81f2700eafed1a997f470dc8986032a828e25c3cd890764da5c70a87584b9843609321328635f4e157fc7b96514facee154f3b475aae8bdf5964fee2dadc2901332337141224d61c9225d31e37d95224e22806ee54aa93179901f84e748e7448c839302dec496f199d455d48bcd9e167145e1c683605fbc558d828c3583163732dcae323132286fa085a0ac9ce6f739b6573505cbbaf19e76964e1ce15965903a3b102d19b407cc672fcb61ae26dd03136049c2e2ceb81a8e05f7d40c34d2c63fd99dced60fab51b5967743999752b1f8515e29f3e11e8f56eb722c10eb9558cdfc638a00f9da8e1fbf767dea09f91139b30583f3cf09ce9f305a9c91ceb4f4635ddfd4637fa31a228b615bc058ae6f6cbc04447775f6e15073c29e0f646af82a6c10d43c0e1bbf971045a718e17c6ecedc94a5dd35a47866a41c7d626e6e9585a5659905ec80400a94bd0fc44763cccf60ff8816ef6eed6e9cb260ab889886c72fcad3e55db092ad40872a3239322259d8357bc008303bcc36718050d8de435ae8ed5198a2a7a35d1e235dfcf4d239390296b8b8b92d23bddda0f93791e138e114e68545326ce0a5030ae150dd3808e9189dab6303caacb5750dcbd3e77388a08665b2d78dbd9d45c45c979fddfe4652d88f6d8c7e11b98501db141150588dc7a792cae7a6a74f8384a3cce17b8384df3c792ea6d901f7dd328cecc7142352839706d3d1dd26b15416a95141a975e223659cca1f3ae993d1c1bdd8823a874fc6b191f7965e12c13a91d660883c337d4dc23bf3382d2bc8c30d5a6730307d51a2c8395f554b4ce12471c3a89a005c13e7e04ebd79e3a6544287388d5aa5566a7cb73cbe0b1dd0763882e88402e246655184ffce795d5820e69c7bc747aab56c31319239d679f63da0d1c98699db01aee710d501bfc8e044b6d7cc120726e460b120e54971faa64d79a95babc077106d94a262ad3a559f985152bd56d648d168332943c2e920dc64bc8d235b515ac090647691d6e2591e5347cad8e8cbaaeb08f6bafe8f3853c9d1887c389430614414d906fa742088e7cd9eb2b28a570df6f660c384641220bf198c069f8d3fe7044e627da90582650b0469799d41e072c4b4980233722d237ae3304652e66e3080fe40aba4749c7159a248957e4c1160825dd435e36bd7ff613974da82411b620b86aa5582b56104a9badb1fe9faebb5dd37aa21d68f1378469c01764e1ead1fc8675fff4276d716150bca9958f66a41445993b9c53550fc709c882e7a46c6a4d5583c1df3530763c789142c2ee58086ce0e87fceec9b2f4fb5be1003c2a1056800333182b122f34a928dfdefeba4c237d72fadab43896a9261d49121bdc544e6333bb90fa6e490ece9973f90a39467d5d32d4d323bf7dfc54ebb57adb3c70b2fb38ec403cec1d22bd6a91a503e08c16a7f4f5f629dbbbb6164106608153bc28bdee4646f2db272b32d885832b99801de6f4de8db06ba7edf8748c4e53579f6c2d3f910ac883a6f2e1e9108868ce245b88fa3c9d48f15636613bcdef0d12287e6ffa74a2ed6e3c5b911f538c9840bae4021079048765c5e96478319980894bb26494fb8f373ea825637bff50f2feaa3a87a5a70fe4d6cdafb5d68722588eb6d1976a7d0aa9888a74ed20cdfbd9dffc14e17108cecd2badf0ec19807c1d9d9daa9698cfa765092097f6a9bd520cf508f971de1691ca3e3692a32aadf0fc1150873dee56d9cbc5919b37e3bf0fd58924cd88e8c8a4c101e538f101a767ce5646dae8043b4116a5a2f54696e5233183b9b0dd1813db116228a745ea87c792266e84a3fdc882ebd49a340d6b26f3626b47aa110223d1d2c0274a5509955348216c1a25554a8d6ee91ac2770bb039d6fd1c878b2c50d50844dbb88d06fd832e87c2eeda9b05dcc7fca25dbeeaafe0f979e43e52d0bec17e79b2b80cdbf3c9139cc2d65a5e05c74e9e4d7db324ad3896cfb64050a39992a78c447e7d6f0d29ca1fabc67f72039be420a552220cffe3d8f415e0093bbb49a493ae1f550468c18d6f83aa7ef5fa6f6ac1f8c7df2cc14937e33d557d6e1febfacf71385805e93fd663727246b20090b3484d82d8d01b89821cc199312d6765fd31fe8d05aff91ce866e040694462535393aa863839352e0f1edc4754193d1df3932e442438352b4780123eb9fe535907e83a75e992d410fdfeb0bea3637e366348c7fbfa25044c854daa748a9b3810296fdadf6e937da45636441457c06e51dd70613f013add29bedea0ac6ced8ab99669b0b238700db0654fb353276d8411b9b4b4301dad496b3798b46c0ccfcf2dc9784cefcd402c123897afe9180e76573a00070487c6748cced52b9f21b25a96c0e4848443cf5f1aa333007be288762a6adaeb05ddf30b3b49b06b666de4b55510d5710e1cf6026d2c0f6c97a27f7680de678384f9eda446eda699a0f76e09d1cd408f4b4f16f643f910cd6489640308cbe04319ba1e61c158f445f098ddde25a4198c62a92913455ece890d9c6ac054e66d933ebbda9b5577c80c3cc38c0d5cc822d7ed31be361955ac2d2aad71b6d6671fb47618f9e9c5fe6e848265995b585069c8db48dd7efded03b9393926bfbbf74fc835eb2f14fa4daf15439d0c3f2c7794a4ffd280d4778b62fbd99884eeed4aabb90939714a7ca0d4eb9cb400ba523e451e3dc7fa082f8cc0828d5b065d5f54698a14b0aaf69253ec9f8f4b6e2b2ab68176a9c2391ae1c8a94ae8b53b2567410a9737a83362373e71b104a2a31ae56e711a67d360629aece2343449185116e563e9fc980c9a89ee4e20fa4920e78fe33b5548cbd6f0fc8c2a6266e43c7169381cd65e1cb718c41e7448f39847b60eb7c0e4b8e5fca01f9bb9a055b1a1d001b0a09c6a214b3973fa6c5c510758247c52b5ac6bc3f56788be07262e14cd6894ca3e2b6efc9d5042f2d9635d47febb15547e0b3c633847a6af8117d246d6360fd466683bb42113ae15c4e9cfea8d6660825e9715517146e86bd9a2f3eaf5238906fec5168c14efe5e0a89186e13e58e0eae17cae8f74fdee8bed3a566664784227797c37bf2619ac6fb0b30d9b3fa693817978780df9d3c9c0fdc1a0ce7bcf67604b2638704b592703a7b0d6fff98b5b8862764fc7fc6c2cac2926b8b9f90c1bfcf5313feca12c23da260b46d2c30f0c88cc17c5fa8a60a652c0f446fc765902ced5069cd1908dcaf9e17e9db5d6543e52ac932a844ce1ca785efd00d377f1ff599c3b86fb5cd9de93d1b109751aa62aa22887578b3d5b5d5e65c10260b85f1ba3f3e45b80f4b0df444aaece5e7d698c4e6c6d41a3732a6ab2c6e9c11252384006894c45ee5c1a93f95da69687a741c2e0d888440fa3b847df4b41c2417859ba11959bfee395c0dd0fa97c7600977906dce36ce16116276831036c071ef2e4fd1c02f7b6499f7e444d348224a8796e8ca9f397a4e5a2ffb5c9a86feef78aeab8da31a40fd1fd0d9570b5994bc053c07814d8bc1700dd9e446a675391a66c3afe5231d4abc30fa9d0ff4ffb4bd2ba5a94d6bf9d14c346428a567c4f6efc9f0de23373525a8d8aebeb3129a78fc478b5576ca9bc56e23adb1d62a10eae19a78ce2065be247ae9d0143553d8623c03da8ae31c042331c97bdd52ee60ee0667ea41a88d69c78a2057c176a56f369d660d4c5173a3174409435a9dff489c1e5936202275e171cea01d701cebafe421408a1b979aa454cbd4d620c3449a69e95bd4a5672605412d90452b72e59583d90f3d3e7e587478fa437d887fc1d499bd929f57cecf4d95c0e7ca26a79758ac83b1abd691b5843120e2e189615c83729f1364463254422e303bed3cae2523a25696ec252fd34426261601b6bcb5895fc0195c97dc0045ebd7e38963b6dc130224a3969c1e094d360c0f551af5f09dab5afaa02dafcbb1f9ec89dd90bb2056ca61724410d8e8b93817f71fbda6b938129f6f6d99551d9430467c62119c4ef870f16c5d1e206ed0e67154d4a0bd2a1eb572fc8c6e6be8acfafc09146a287323d33255f5c9ac2a18028a70b76933c90ee762fa2999c0e10fc7e7e49f6e31915b66feb6c85732bc9c4c0906cafcec141f5c9e22ab0933275a4026201fe33b7be299711ad6c1ce691a518704f38e42ca0c90139740109d904f6c3f1d29da0f64dd54667fd60a01f8f023897db2a5f7e724d4a962679fa640e8033d82eec438bb559befafc9a6c6d6d9d8ed18947e3804f9095a4abe231e464710f1990cda0cde4acde677ab8bcb3fb7290709493fffae5576f0d128ce4fbf96269761221a70d2cc44eb411b510c360e11079ff63a413af161e72f8de8bbe4aedd3e2fb5d00a8f770825561b8d3a33d888cdae4fc448f4aa212cc8cc40a1a41f0c5a98bbffce77fc1c3f168252ba057785eb7cea28feeff203fcc3d926b973f43beba26572e9c57637c38775fd2a08efd40f52923a94022a77352ad0f91c1dcce21e8ff511d7e7fb618eaac3817bfd3efe73711b6ba25360076e27f2e28a5ee43304e764b3103760db75b24ff741df78ba867791b4e2828ae21b05c6e83b866fbf1d925896c87c5dfd3278f7ff31d426e009f26dc071c6f115842156954cd5293ac2123891a40fe51e045234843072ce2ee766954944784183f2e480dc0307ff8df5a37b49f97f4ff5a14370e040e4d3cbe6c51907c75b82e4d9fb7ca6ab02af3a930d2cd7d89815e2e1bb146b87614f8398bc5ac853c686b387a6ca6604f2385aad9fc1206b373f6d9700d34dac09a706db8465c2bae19d78e6bc8b5e49a726db9c65c6bfd3cce65a70dbc5218485ba1cdf0396bef035eb429da16df4f5be38bb6f7d7befe0140dcfede117155333ab38c2fdadafffdcdeff1fb2d323bd8473e5405dc08e2cfcc5cd3dfb93135f047a7b7d828fc6c0360bcb6be8cc3ce2d33039d124f6e36ec1c4c5fffc5ab5ad94e89d6673f2ce8dfaf6dae01e7ec91681676bb19926680df47c05f9869f3a03e3fd42d51a4631c97f52f0f9febb0c1a75bfbe2f3744a736040e6b60f543ae3427faf7e9edb5c90dce19a8ed2c964d372edea654d8386fa87c488ac251c0b013bac361abbf1dac6f3e63df0c57be2bdf11e79afbc67be1eac6e8211f56b9aaf7e22d9988eb21cca8b174e6bb4138eadbb4b9e6f67e55f7f58d4eb79805f65806579dd6de277d76437b22d839d8d921767b317848a59ba3b7b81c516c5f4f79f04ef325c65ab05736c0ee8d3931846c0909815a65c18d6a85017e66ce1611ae1f1ed2b03b840e33db90a95d46a2f4dfa6c76700678e58d933ef9a00e5a0a8a0199c13a9c60406feaf7da58fa5e3ae0c5bd8c0a6a16898557c1424ccacefe3ea2023316e6403dfe8d9bd725138ba896317549ce8e6b3e3bfc7017c0382526da3b3bc43fe994a66e0752c694d8c11e859e2f88b96a916ab1a2743c7826a5824be18410b037015fc8c740a5e27b1988e1c453ea0cfdf82cd7f93e49ed84c4808767626d95212be17254faaedd90ada7bf93643a21ed53e7702ce114fe7a44eb75486d9ffcd8d888da6a956396f8f7d1411524f31438c958876491e6b254601bdfb3bb3ba062e055040d69a4bd46d680002fe8e9ed976a661794ab4dac86b4748f8dc108bcf2606e414cf91020aabaac44e2920306c042b1ec7c1869a055d92e37229e6e44af5ee79be9f76630a0e9f21f65626f5eec43b474a45dff2081c4653720aa32c2d0330a280369c067210274b6349c006c8b36425b636b444f9b4daff131ae7fb63091764a6d6d8ef3e18670206d33e2dfdf74fd1d2bc0665f104c0fecbb94966834245bdb4b008a3b9106b5caf0e094fceadffe41a2458b0e05e4a0c9eb17cec93ffdfb638981092a006e18c209b717d9d48c60b47f1469c9261ca143077cf67578657f73597a5a03d404d64246462bfffbd7dfea989fc8e696b8bbfc887e44c6c746e5dbc73fc848a75b8b3d1d48e343a9069633e033e33efb340563b660061b652ac4853352023dfdd897754955ec52030b3b033caad9eb0383b72679ac739b965310db8bc9e8c0884c8c5d90d5505ce9f18b376fcafff9c75fea181dcefe2276eb77770007dec5deda381da3c309246db0ad4944d214a73f7f614aa2e99878b1bf57b7e2321d742ab93188df3f4086912c1894bcb283a97bbeba257b7b09b121c54c53ca17076f065127db3d4c5f5df0dffd90cae71550977515d0fa63e1614fab4d7e737f4d151139d48f5de26cbe3b3be99313445bc812e00b70d2270bf7b2c09338e9b3827031e3afbd8601bda9dfebf2cc6da53cf73235b93ad2ab43d6387923994c49285d93cb172fa996091d4a26b60f102c2af18af5a571cd67871f76dab1706021a8b35cfc3e82b07b4baaceaa2481cebb7c1e19a90d4b79c020c5c39c3810ad58e00ceb21a44c00d9eb4e835401dc9791024660800343a308e3c3482141edafef699157c7f57131830db4f700b4446ab8baf807a51e63b8c7a3d88118e8d06124465f556cc7d8304e0075609a8864d4e1dc6b48d11cb32312db59c4b54c92acee4915f46b390787e56c5386a2abbb138eb124b76edd94a72b5b32d0df6823399b6231fddc8f1dbd947e9ead26b7475b24873562f7becf6b134bd5a83210efaa843ec18356817d4d0eb74bba442545e33bdfc342bd375526c78e4a1fe5fa670b13f70ed3d2071aff432aa33bae8ecafafc3d71c253517b87afcb176fcb11ec2012dec1896d07ae11973b9f7fa1380a2bd9778faaaaa9dc0c307865790591c63995415ddd8aa8d8577f5f2f98bc3f76ca5f9b39277bbb7bd21308c876b2087c2f0d32a649ec6087423ba0eb81d1257028847661432e0bd2a463e90b4ec8f6ce3ab09c2c52bd9f4934be25deae01096d2dcbcc679fcbbddf3dd4218275dcf7d6ce8af4067a24b4b72337affc5436d656a5035179bf0f20762c0db8a15d968135d5e16407bbdb016b3c016358d0c3d581c3b48068d984c32a5ab0ca447f9fe285d497ba70611684535475a139c8a01d34ffdceab62a37785e0c35f8c372589f190b0e1fae1d34f4bc3205753e4d78f6ec6448230d1b1f1e9783500487b2112453566dd866c0613e35d071f76d95cffdbd9d78a809ad7cbe723ea821f1d9c2c3ad704a07b7f58221cbc2c0e3381192a06c2f0c7749c0db2cc16eaf8ec1c9e5c918955418e99042dba0eb713c69aa11fceafc6b18102b375bfdc32f6140355cf355b5c43a1670e730253180e02e52ae304e4608dca49c557e32fb2ae073bc24fb4a3a9f8c8213712505ba9a89cae001f602dc63dd850b274eda5590b64d0f363ebe7f578b52ee95350e2044fad96a9212c04c6a9d8c0ff5cadcd2063eab2ae7a6afc87e741d67123655ae8c400600349ce1119c0e8bae14308443256341c1ee246b48fe392dee9ff8b0e92c9aba9580071194ace1deac7d6d920eef4bd5d5106a678b0abf17172e8da8d5df15389531e942e4c4197f4cb1da5d2d72e7936f64636b05389c496627a6e014ad2a34ff6a3579f2c961632d982a00632902f34b21fa7a572534d3e5817697ea15ed20926461e021656adff11e1e686faa4cd6d1101fe1fa670b1387fb10ed02246665f41880f8a364e6ad95d1cd634ed9dd5b058b35ab6c0f1b3d616cf2146c56cde278230b766d2228cbc0ad481670632ded6d63a34d6bda4322868dbe2c1e3d3be0337eb8240341304889380e78fc7d2ca12395393a7967fd39d2619b46bf0e442b96e676ec83b0961670b2d4008883fb8fff5d235c675349fc88b2fa61afe7a73e45e4b52c57666fc8d2ea12f6905d36c1b45df8fa96dcfbf6a1f476009c46b4dcde1d944824aca4d1e161048e7040a3b791e920ecdaa0e3a4c77a70a803eb1c80837abe7f20313cbfb120552d9c92002b9e2b030f84534e575ef41d4a5e36c1567252f208209343a4b3d4f36a119003c6a27c73e78b97f4bca2c83e08da3769941bd00394366cba3ede79f76d95cf1e8f131143582b9fb3b9828e0079b5f0f018393819b377a55e6df8e6554dbd2af892f81c9c663178e6d1fe56f9d5eedc6b00f19bfabdee038379935ae23bbdeb8bd957ec4b39197eb8bfbfa774fef4f4a553ef1e0268dc89682e120d4bf8700f515e46d3b3f9a31f64707a140cc68a1651997a2de21c6d93f9830318ceb1648e12b8fe914e86bc70f99afcfbbddf6beae1ea0c6887b405c6954a814a062342bc62697d09b9af5f56d65755602a74b02d535f8ee3645e4754086adbe712b3d32c474805e2e5a4d8b06bf2a523191e392feda04c49975a80df74048610ee53ca74404bf93dbe76696d36e874553a18ea3abf9a7e86439ba7e9e7d96af2316b976c20bab5e3ef2822c721804e9bf99d95d027a95015ac0b55135918e86db6bef33d47f93f76b09fad4c0eb4db3fcaf5cf16264601a4da8065b032babfa7156b907d6b65f45a715e0f3f3e5f4a967ebfb425fb601ead60c40c70f664c188491e45764e5930cee9dadfdbd73a9c78fc48026020c98265f16c2f8d4faaa05e3a0df66a80b545b1d34e7902e32d48531f2c6fca180eb57cfc40ba000c77226a3f2ec4348d1aebed91c8fe9af4f64d48341686031d96fb4f7e27c1de211c7e3834810319e11477522564207e79b8b226c76000c7d933e66895ad033884897ed95a6624eec0419895b58d5515b43f3f3a8efd039afcca15d959ba2725d86fbd189376a4ebbca7c14e50f8ae5605e13fbb740eb8d363694274c6d4f5daf4904edb6089f2f850502187e9a161692633fb42cfebe020aab3ef7d083e5ed5f36293f109687fc09146b524f6e3881e3c5a25caa22d561c7371f8b39fa9ea040176799336ee45da63c34934dcef6f006e1e87d2f606aa0102706558e66a7ed1290c87c1f099751dd43b3182ed71b65835f2e981333260513b41f771b8dc9b00e2b3ddb29c4d552ee5e5ab3b77e4eb2b33d2e333cadfdc9ac50305d818dd560a347214d1909aaf20a8c76c2e23e13c1e15f3f25c63536ab1045eeb009797c28d5eaebede2022bee6b75eb309a83e2829ed1affc54fff0e5e7b4f59400a6145e06cdbfa27c1dc78b447290143a4b07a9514398c979108c703515e611f54f00a52bfaf7ef273441e8b8afefffec1bf88c53788d386c3ea1c124e1b65019159d688d302c1711e60bc019bb188fba63c26c1e93b9f7da9f7f2f4f93305bb1f3efb0ea9645d8ec21b3ad0913ac01dcdd50fbe663c6b6bac01d6826bc2b5e11a71adb8665c3bae21d7528b36f0e21a73adb9e65c7bda006de1bdef796157b431da1a6d8eaf8f757dbe689bb451da2a6d96b64b1ba62dbfedfad393977452880980ea62e4486d8cb6c6c10b0457a9bec08397e3906711edda80e7f100f1b6b74b2a96953bd746409cd41101c429ef207530676644e90e5c6337525622e0a4531e5832b024a302db472900d27dd3382022b289b4eada8d9fc0fed2e26bed91c3bc198c59540f3883d186a88ae3a8f781917ea6eb984c1fc8b5911979baf03bd589e2dffdf6d10a70962d99bd382dbffc875f4bafcfaeb22f0c2a2e0c7602341f97474fbf47ba88ace2b7bf92ab976e891f5810ef81f7c27b6a6a1f52f09d203c5fc47e09ce5f1ce950b09e9127cbd5f8ffeb0093ffedf1135983ddb781c11bee3488df99532c88203cc17882f27c9d80f47c9d80f704f309ea9b7e7abee3ee87543e33dae13034be98e39d141e52bd8ff5220348b7623889e8a1a93d1b007e3432d2a5a74f893a2df8320e1beb0c5c2a54b6be1753eff75c62b28188e22b80611303bd08791151c5017e0d8cc9e3c7df9f96721f6193bf4d2df16dde359e08cbedd94bf2787159655fb7b0f1f2ec8605beb2863093de3d93d813170cfdc7f698319de3a89b9dc3a45cb878f9b48de45cbff7341221adfabe54f0a4b29bfbab7feabc1ceeb39bb8594ffd6a29fececaeeb3c03d0d7179fda9a611a4f53fe49a0c785d71a30e123c11fe6276cc12e8775542f77579004402fc45ea4dfb605ac306cf77bd87bff3a6ca64eafd7c8cebb330b11369196d5487f62135ff90cae807a57d19eaee96e322bbdc336a8b3ed8c5a3a74f656070440276380afc376dd801ea3e10e813632923b393e7a402a7b4b1bea143338f5248cf90dce5b239d8854fd515e740665cbb7e43d680ff785c4e99414af6787e41befef46ba4c7db124a22fa6869515c696d6d05d19f134e27ae7b80521af14c05fba524db882adc70724f161eaadc48ab0f58d2c11c0ec9acb8da7b71e019e4e2583736fdae4c9f3f27fbe11000ed1e597c7a5f3abc2d70ba8c8877c4e36d93a7f3b0e3c90b3a3d972d2b04aa893cdeb8764be61e3d6d44a41bcfa58074dfeb80b771774bd964d7410651306036bb4336a3551c0cc73ad48051dd87e879258f2a3864b3f21c00fd37b72ec9e6c6061ce686983e9feebcfb2195cf75e0196500d07b19c34b8587643c980eb10d63f662f0944523dbf0f0d996049087b26de310a7451909ed4e28059ad57cca8a25dacd6f9479e4a8e01868c29352eec8dee25bd51289fff4826de00f675d5f9db9a0a723c344578be7a530f1f68deb48d7f640739a64d0675319cc82b9edcfea31db457ad381e7c636920872eca9e121c9a5f61112fbdf9b0afe3995dd6781fb3280ee2b176f9e168d7de8352f215d3d619d9637637a6212af7b572574146bc936100e286847b8cdc2c04834fbcef718117dbca932b90ba9c8c7b83e0b138b8866abf8dc483affc195d1fb60615d4d5559e77047d8fab8bf05b6b62c6e9014c1b11999438ab3052adc8bb43ab1bf023b2d801607c89a3d94094415ddbd01e02bc050c6cfebf4875074571b450f43bbda7e7165725616f7d674338e23ca88035b69c57ef961735d816d0b9ccfeac68afcf48b9f4b30302dbf46541b7061afe50fa56880e38867e5f33b3f5132610aef2706964464445da93acb0fcc4e595e59826d727f95d52e6686da74c4532cb1039ce832d6dcaad2ba03c1419dafd782d4716b1760720587e7d54fe4e9d29c1e5461386d3c2e3da848f89cc5492fc1b6b4e3017fc7a2c360779f0afabd2af6c7bd3b3e322a4b1b0da6b92d1094c1de6e79f8704106fb067108346b8a7782d39a7e32d579f77d32ac6464f260ae0822bd5a785803d846d53e0a882770e2ec82de3b61c4a82fcc53883f7c2014f6e2d44da3d64334292bd639db7d2af37875a45bbbed07e19428f3c8b95827fd5e26cfd08ff6ae2104757b9bcfe4f6ad6f6461ee3bf1fbdceadd95ce3fe3dd7388a6fe9c1eb3b74522697c3f026d1c837c902c68732b8bb65844f9646bffa3557613b89f9e9890184ea493a2b10fbde6456397b24e27135dd914cb3eab7755428778e834595464df874897857dc4fedef59ee121ff1be551ed46d347b9fed9c2c444baa45aceb0b4f7cab3360d54344dff0c189e9bec2d480cd2e79f5dbd291580cecf0136b33999b539864a010ecd86d4b58c679a06981b94a5e57905a613b16d71c1368cf60022f85d603e15f9fcf6cfe5e1e3dfcac4c50b88ccf7e4209e848df7cb83d50d758c04b65b80cd6471c8ecc249f506c6c5583d92ebd76ec3cea3d2036078b8dda42381da7ca38880b6c48f03d50e0717620b4bd7901ce2735be0ac3f39378ec36f0529e14d79f4ec8116e6168ef388d8f360b637e5ea8ddbf2ed837f95a9eb7770a07a40c367e5fad46dec9bd0e9419583ad9c1d8fd58254aa13440741fa9eee41818f9615dc17279a3e5c98d7a1061cb1fc3e3daf87cf97646a741ac0774c72f8b75b3323b2976e9029a6ff74adf7eefb64583948902f765ed30b1217a18ead090fb9d3ef91d1895e6470799da8405540ce696a6f6d16370041fe7e3bf25133fe4ce3dfd9ed4da3225dcfddbe54da7c49308c95bbf7e79755e63157319e4605d164598cb656f9eaea05ed665f0745cf42a756389528de6b80810e8d0ccabf7dff482b471dfe51b160b3cec2733f79724f29dc8ea1291d8763717a2455008381e88c7d3a7fa948a45a8cbf3715fc9895ddbf79b62463232312f4383ef89aae945d6551d948cb7485f3cd5c760b9ead4d1d5f379e911d0754289a6b607ef81fe7b25f9a1d110aae2470f0140d569588b05b1b832729515b44b49b2dd6551ed58e7b7dab3c2a488c8f71fd06ba5cd55e2f2e10cb2b6a95fa7be559935e16e0a654ff89057faf0acd5baa59b1224abe3e3122fece6e657decae2e38b176498437d5f9704aaf05c0f4f61e0724b0a4bb5bcc76970adcafc5d3d26ace0b2039758a26ab07ec680951dc8eb87080cd01a4e6e1c7146b6ef581a658f70084d7ea552d0cb48351a2f4eb3498cc03d866e518874c784d3a3d2db2b735af7f66f10cd3d11d1c8eed703ef7f1fc9cd2eaf50142d814afaf536b80761255b17244159ceab7cfd7415cb8a5dbdb8968ef89d2e96bfba1d7c663b9acc0759d2dca82452207487b1bd9cdfa5e588b3a9737f99efc07e979ed1e66c40cfb3802a66676ba716f07606d71e07f880c6bd38b32c80a00d61b97065efadd3f772c3181b91399c793cadd1399c7cdbd1d59985fd4ca6696840ffa3cf2cb7ffd079c84fb48c17cfa3955e4e6ede6a25cba74599e3e7bae122227f2add3e3a36044429231b4bc17942608b789b0f4635ef3046863152dab69790d56d76eeeeefec52abb099afe986b720df22f6472b9365ca33749a1724df9e21a73adb9e65cfbb392a7b40dda085fb4990f9147fd6b5f7fef08d155eb88fcf3b78f9036ed8342b64abb8d625d0e95f1a59c2f657d39c6a8b1277a4fc738f3453960aafb511e9832c1940b4e9114812dd026681b7cd1566833b67a637c50ffe07505b68f10b57d7afb961e6a63436362c401d3d95c57dde93d400d4bbb39dd0fdbbb9bf2c9857e69ee1ad12ae9f1b1a9d33fc9d271ea05a3f460cfb00c0e4ecafad686142ced5a5672186f4c3a36b87ae4d1c68e78e110fb9c4df278e9577a0f04d9693704dd09be9f103e04e509ce13a427587f63aa5f3fe78bcb531a91ebf738b37709ba137c27084f309ea03cc17982f404eb09da13bc2788ef34a414d437fdddf5e0ddf7c9b03256e5d0bc9e2ef76b85876ea7f5cf1a4b6cea0546910c03b1afca608f57e6b0e9c7ce5f86c1cc6b48f7d7880a3ed6351330a0f7a6827f81caeebdb5b90fbe6673b4716878dc76999c1e3c15eb4a0147b19a9be4f9f6a1ce4a23b9c0b565d53c255b370f528a151a90d6bc5a18483c91747a7bbbe3bdf2a89c4afbd7bcbe65d82115602dacd9b102948e200dde4104c00e8022a2de9ab5590278c64d8584dc5fda7d698c7315189fb39601f49090e9a959595e5b925068516e4ecf200d042b5b42fa04c739363020bffab76ff19f36e087e76465775fd31b25657a82b2bcbc2899aa493add241f4a5a2366059e982e19a41b58cbb3950d191b1b97dffce1b15c04b5dfd7dd2b8fd677a4d56e55d961ca6d84413474b4fbb54f2b912f6933aad5d921de000e990c65456674ca6baa5414172275a69b647ddd9ed6d770d293f158c4497d0e83e2a41c64d0e571e9c48c9548526b9d2cd813ad6ecf07e979ad327dc4fb67cf4d00ff89cae8d839c5694d1d9ea6bb110aa81ba9776c54f5bc76d0a2f96215b96919405fa30fccdfe1d1ce659fdf2d233d1e59d84c6a5dcf9f3b96f8d85f069b1138ddd89479e4c6be34e893d6b66edc4f0a2063aba49229a4757e89c623b21c4eca67d7af491c39f5ab057791fd85d3098cfb30169bdda6617b2bf2e47781d28787087b6d018491818f76cd61d0e261a4786f63a4fe5295ddd978e883afe94a360e1ace8d27067522d6d50147fc6c7117ced80096c82b20986158555d63f6bcb15030053c265328ab88dd8d0bdde26e6b51ad633b6b715205b51dda106da905114d0a9f4f653f921be114b01cb0a6545ffc6b5effa819640118e0b5485c0c60953a7060163211e900eb3b83cd7404fca409d74ec3264cd8d467c7383703cc65a1e13152c03538155b3da793600ab98caee5b1ddad69d4dcfc8aea777f76fb0bb9f7fd1fc45649cb51f9188ea053e2bb0b709236c9018ba9034f8de66b58f35129016fe434de6030a01356c2d130f6845f22b0c5c58d056906e7b693aeebe8e6fbcf9ec9c4f96bf2afdfdd5307d5de02a76b699134f66578e3216ca249dc60db8e11a5848f5270082ea45e2b72fdc27f903852a8c70b8b705ac5d7c66315285e86e7d76229abae7bf6e84071b34ba31392c41adc993d27bfbdfff0c3f4bc8083b575fa6461e9a96ca74a482d91fac24e4dd33dcd7739fbdc8a85e64df40080622121eb4e188e1570d3a4da847d627f81b1c403b73e958ddda740f55faedea5cce31c68c757a382cb33e3e2eae8fa8b46051f2b12f1e864cbf46b8cd459a0ef2f51d96d051bf4a1d7bceeedd111c2ec34e70cb0261c0eaccdf9c3dcb6cc4e07b433fd1a529b284062b67eb8dabdc05e8cd20cf6e91827b401d8cfcc686396d8b38dac2473c0099176645269b51bd6f524c0d01ce3240c74ba2582a8d80dcade66e6149663e9ef76ff55af7fdc599466b07061b64800d0bf303d0b5b2d4ab53980c36617ebd827b102dc5f91cc9b553ebdf673b09f3b3285487a7ee1299c904dae8f05f17c7388ae0cca0e85700f2660473766ceab5c6a8b0d697bd924e7c7bb61737630606c57c82ab0ed70752300cf482f40dea2018c311c6c0587cde7b7fe56aad98474f50f825e5fd342c2a12e3fecd423117cbe077be79b4f7fa29fefb5036ccf56e5e79f5cc6773e967fbaf758fa3b3a259f3ed09155fc7c962a44f2f5973effc9b3df03cb3c7a8d4e5f594bc0615b54a4ed0298ad4d103e1c64d0d7d10e075b9435d828871a7cb7b07a4ac4bc4fcf8b78591b6c6f7d7b19fbccaa032e39bbefff039a51664f6bb438ce0000000049454e44ae426082, '2024-03-11', 1612345678, 'test1', b'00000000000'),
(8, 'test1', 'test1@test1.test', '$2y$10$tEK3nr8MsCqHcwGLd.JFsOBwh7.Qgs1ckXcv0zUPB668HGJ1LfsIS', 2, NULL, '2024-03-11', 1612345678, 'test1', b'00000000000'),
(10, 'Koen', 'koen.wijchers@gmail.com', '$2y$10$ejI7tNDoQEjg8F48b6s5E..r.8edoSnMooknVziO1GIn5KOuBZ9oi', 1, '', '2024-03-27', 0, 'test', b'00000000000'),
(12, 'test1111', 'test111@test.test', '$2y$10$901F88TiCEtGOwjtwWV33OIknYrMLo05r.cVyY2AJAx8dckx8e04a', 2, '', '2024-03-28', 1234345667, 'iajfdp', b'00000000000'),
(13, 'test', 't@t.t', '$2y$10$a4odNx0UcDDZ8DQoBUqwuOy.4rgWDgToR2dYlhznsSs5Nmkv5dXnO', 2, '', '2024-03-29', 612334123, 'test', b'00000000000');

--
-- Indexes for dumped tables
--

--
-- Indexes for table `banners`
--
ALTER TABLE `banners`
  ADD PRIMARY KEY (`id`),
  ADD KEY `page_id` (`page_id`);

--
-- Indexes for table `cards`
--
ALTER TABLE `cards`
  ADD PRIMARY KEY (`id`),
  ADD KEY `page_id` (`page_id`);

--
-- Indexes for table `detail_page`
--
ALTER TABLE `detail_page`
  ADD PRIMARY KEY (`page_id`),
  ADD UNIQUE KEY `page_id` (`page_id`),
  ADD KEY `parent_page_id` (`parent_page_id`);

--
-- Indexes for table `events`
--
ALTER TABLE `events`
  ADD PRIMARY KEY (`id`),
  ADD KEY `page_id` (`page_id`),
  ADD KEY `event_typefk` (`eventType`),
  ADD KEY `detail_page_id` (`detail_page_id`);

--
-- Indexes for table `eventType`
--
ALTER TABLE `eventType`
  ADD PRIMARY KEY (`id`);

--
-- Indexes for table `info_texts`
--
ALTER TABLE `info_texts`
  ADD PRIMARY KEY (`id`),
  ADD KEY `page_id` (`page_id`);

--
-- Indexes for table `Orders`
--
ALTER TABLE `Orders`
  ADD PRIMARY KEY (`id`),
  ADD UNIQUE KEY `id` (`id`),
  ADD KEY `event_id` (`event_id`),
  ADD KEY `user_id` (`user_id`);

--
-- Indexes for table `pages`
--
ALTER TABLE `pages`
  ADD PRIMARY KEY (`id`);

--
-- Indexes for table `restaurant_card`
--
ALTER TABLE `restaurant_card`
  ADD KEY `card_id` (`card_id`);

--
-- Indexes for table `users`
--
ALTER TABLE `users`
  ADD PRIMARY KEY (`id`),
  ADD UNIQUE KEY `email` (`email`);

--
-- AUTO_INCREMENT for dumped tables
--

--
-- AUTO_INCREMENT for table `banners`
--
ALTER TABLE `banners`
  MODIFY `id` int(11) NOT NULL AUTO_INCREMENT, AUTO_INCREMENT=6;

--
-- AUTO_INCREMENT for table `cards`
--
ALTER TABLE `cards`
  MODIFY `id` int(11) NOT NULL AUTO_INCREMENT, AUTO_INCREMENT=20;

--
-- AUTO_INCREMENT for table `events`
--
ALTER TABLE `events`
  MODIFY `id` int(11) NOT NULL AUTO_INCREMENT, AUTO_INCREMENT=5;

--
-- AUTO_INCREMENT for table `eventType`
--
ALTER TABLE `eventType`
  MODIFY `id` int(11) NOT NULL AUTO_INCREMENT, AUTO_INCREMENT=9;

--
-- AUTO_INCREMENT for table `info_texts`
--
ALTER TABLE `info_texts`
  MODIFY `id` int(11) NOT NULL AUTO_INCREMENT, AUTO_INCREMENT=6;

--
-- AUTO_INCREMENT for table `pages`
--
ALTER TABLE `pages`
  MODIFY `id` int(11) NOT NULL AUTO_INCREMENT, AUTO_INCREMENT=11;

--
-- AUTO_INCREMENT for table `users`
--
ALTER TABLE `users`
  MODIFY `id` int(11) NOT NULL AUTO_INCREMENT, AUTO_INCREMENT=14;

--
-- Constraints for dumped tables
--

--
-- Constraints for table `banners`
--
ALTER TABLE `banners`
  ADD CONSTRAINT `banners_ibfk_1` FOREIGN KEY (`page_id`) REFERENCES `pages` (`id`);

--
-- Constraints for table `cards`
--
ALTER TABLE `cards`
  ADD CONSTRAINT `cards_ibfk_1` FOREIGN KEY (`page_id`) REFERENCES `pages` (`id`);

--
-- Constraints for table `detail_page`
--
ALTER TABLE `detail_page`
  ADD CONSTRAINT `detail_page_ibfk_1` FOREIGN KEY (`parent_page_id`) REFERENCES `pages` (`id`),
  ADD CONSTRAINT `detail_page_ibfk_2` FOREIGN KEY (`page_id`) REFERENCES `pages` (`id`);

--
-- Constraints for table `events`
--
ALTER TABLE `events`
  ADD CONSTRAINT `event_typefk` FOREIGN KEY (`eventType`) REFERENCES `eventType` (`id`),
  ADD CONSTRAINT `events_ibfk_1` FOREIGN KEY (`page_id`) REFERENCES `pages` (`id`),
  ADD CONSTRAINT `events_ibfk_2` FOREIGN KEY (`detail_page_id`) REFERENCES `detail_page` (`page_id`);

--
-- Constraints for table `info_texts`
--
ALTER TABLE `info_texts`
  ADD CONSTRAINT `info_texts_ibfk_1` FOREIGN KEY (`page_id`) REFERENCES `pages` (`id`);

--
-- Constraints for table `Orders`
--
ALTER TABLE `Orders`
  ADD CONSTRAINT `Orders_ibfk_1` FOREIGN KEY (`event_id`) REFERENCES `events` (`id`),
  ADD CONSTRAINT `Orders_ibfk_2` FOREIGN KEY (`user_id`) REFERENCES `users` (`id`);

--
-- Constraints for table `restaurant_card`
--
ALTER TABLE `restaurant_card`
  ADD CONSTRAINT `restaurant_card_ibfk_1` FOREIGN KEY (`card_id`) REFERENCES `cards` (`id`);
COMMIT;

/*!40101 SET CHARACTER_SET_CLIENT=@OLD_CHARACTER_SET_CLIENT */;
/*!40101 SET CHARACTER_SET_RESULTS=@OLD_CHARACTER_SET_RESULTS */;
/*!40101 SET COLLATION_CONNECTION=@OLD_COLLATION_CONNECTION */;
